Name,Capacity,Length,Width,Height,Diameter,Part #,Price,price,capacity,length,width,height,diameter,gal_per_dol,dol_per_gal,floor_space
100 Gallon Vertical Water Storage Tank | BM30056,100 Gallons,N/A,N/A,"42""","30""",BM30056,$359.87,359.87,100,NA,NA,NA,NA,0.27787812265540335,3.5987,NA
120 Gallon Vertical Water Storage Tank | 43858,120 Gallons,N/A,N/A,31'',38'',43858,$385.87,385.87,120,NA,NA,31,38,0.31098556508668723,3.2155833333333335,1134.1149479459152
125 Gallon Vertical Rain Water Storage Tank | BM30086,125 Gallons,N/A,N/A,"50""","30""",BM30086,$385.87,385.87,125,NA,NA,NA,NA,0.32394329696529917,3.08696,NA
165 Gallon Vertical Water Storage Tank | 43864,165 Gallons,N/A,N/A,56'',31'',43864,$415.87,415.87,165,NA,NA,56,31,0.39675860244788036,2.5204242424242422,754.7676350249478
200 Gallon Vertical Water Storage Tank | BM30646,200 Gallons,N/A,N/A,"56""","36""",BM30646,$635.87,635.87,200,NA,NA,NA,NA,0.31452969946687215,3.17935,NA
200 Gallon Vertical Water Storage Tank | 44107,200 Gallons,N/A,N/A,72'',30'',44107,$419.87,419.87,200,NA,NA,72,30,0.4763379141162741,2.09935,706.8583470577034
205 Gallon Vertical Water Storage Tank | BM45417,205 Gallons,N/A,N/A,"60""","35""",BM45417,$645.87,645.87,205,NA,NA,NA,NA,0.31740133463390463,3.1505853658536584,NA
220 Gallon Vertical Water Storage Tank | 43870,220 Gallons,N/A,N/A,44'',42'',43870,$429.87,429.87,220,NA,NA,44,42,0.511782631958499,1.9539545454545455,1385.4423602330987
250 Gallon Vertical Water Storage Tank | BM30245,250 Gallons,N/A,N/A,"67""","36""",BM30245,$799.87,799.87,250,NA,NA,NA,NA,0.3125507895032943,3.19948,NA
300 Gallon Vertical Water Storage Tank | WB23,300 Gallons,N/A,N/A,48'',46'',WB23,$588.87,588.87,300,NA,NA,48,46,0.5094503031229304,1.9629,1661.9025137490005
300 Gallon Vertical Water Storage Tank | WB22,300 Gallons,N/A,N/A,82'',36'',WB22,$756.87,756.87,300,NA,NA,82,36,0.3963692576003805,2.5229,1017.8760197630929
300 Gallon Vertical Water Storage Tank | WB21,300 Gallons,N/A,N/A,78'',35'',WB21,$756.87,756.87,300,NA,NA,78,35,0.3963692576003805,2.5229,962.1127501618741
305 Gallon Vertical Water Storage Tank | 40702,305 Gallons,N/A,N/A,50'',46'',40702,$495.87,495.87,305,NA,NA,50,46,0.6150805654707887,1.6258032786885246,1661.9025137490005
330 Gallon Vertical Water Storage Tank | BM45804,330 Gallons,N/A,N/A,"63""","41""",BM45804,$775.87,775.87,330,NA,NA,NA,NA,0.42532898552592574,2.351121212121212,NA
330 Gallon Vertical Water Storage Tank | WB24R,330 Gallons,N/A,N/A,50'',47'',WB24R,$588.87,588.87,330,NA,NA,50,47,0.5603953334352234,1.7844545454545455,1734.9445429449634
420 Gallon Vertical Water Storage Tank | BM45432,420 Gallons,N/A,N/A,"64""","45""",BM45432,$865.87,865.87,420,NA,NA,NA,NA,0.48506126785776155,2.0615952380952383,NA
500 Gallon Vertical Water Storage Tank | BM30295,500 Gallons,N/A,N/A,"71""","48""",BM30295,$979.87,979.87,500,NA,NA,NA,NA,0.5102717707450989,1.95974,NA
500 Gallon Vertical Water Storage Tank | 43101,500 Gallons,N/A,N/A,73'',48'',43101,$799.87,799.87,500,NA,NA,73,48,0.6251015790065886,1.59974,1809.5573684677208
550 Gallon Vertical Water Storage Tank | WB34,550 Gallons,N/A,N/A,74'',48'',WB34,$862.87,862.87,550,NA,NA,74,48,0.6374077207458829,1.5688545454545455,1809.5573684677208
550 Gallon Vertical Water Storage Tank | WB33,550 Gallons,N/A,N/A,46'',64'',WB33,$829.87,829.87,550,NA,NA,46,64,0.6627544073168087,1.5088545454545454,3216.990877275948
550 Gallon Vertical Water Storage Tank | WB32,550 Gallons,N/A,N/A,46'',64'',WB32,$829.87,829.87,550,NA,NA,46,64,0.6627544073168087,1.5088545454545454,3216.990877275948
550 Gallon Vertical Water Storage Tank | 40703,550 Gallons,N/A,N/A,44'',67'',40703,$799.87,799.87,550,NA,NA,44,67,0.6876117369072474,1.454309090909091,3525.6523554911455
600 Gallon Vertical Water Storage Tank | 43800,600 Gallons,N/A,N/A,50'',64'',43800,$839.87,839.87,600,NA,NA,50,64,0.7143962756140831,1.3997833333333334,3216.990877275948
865 Gallon Vertical Water Storage Tank | BM45446,865 Gallons,N/A,N/A,"75""","61""",BM45446,"$1,229.87",NA,865,NA,NA,NA,NA,NA,NA,NA
1000 Gallon Vertical Water Storage Tank | BM30329,1000 Gallons,N/A,N/A,"65""","75""",BM30329,"$1,379.87",NA,1000,NA,NA,NA,NA,NA,NA,NA
1000 Gallon Vertical Water Storage Tank | WB41R,1000 Gallons,N/A,N/A,65'',72'',WB41R,"$1,378.87",NA,1000,NA,NA,65,72,NA,NA,4071.5040790523717
1000 Gallon Vertical Water Storage Tank | 44113,1000 Gallons,N/A,N/A,66'',72'',44113,"$1,279.87",NA,1000,NA,NA,66,72,NA,NA,4071.5040790523717
1000 Gallon Vertical Water Storage Tank | 40892,1000 Gallons,N/A,N/A,80'',64'',40892,"$1,369.87",NA,1000,NA,NA,80,64,NA,NA,3216.990877275948
1075 Gallon Vertical Water Storage Tank | 43804,1075 Gallons,N/A,N/A,51'',87'',43804,"$1,199.87",NA,1075,NA,NA,51,87,NA,NA,5944.678698755286
1100 Gallon Vertical Water Storage Tank | WB44,1100 Gallons,N/A,N/A,53'',86'',WB44,"$1,195.87",NA,1100,NA,NA,53,86,NA,NA,5808.804816487527
1100 Gallon Vertical Water Storage Tank | WB43,1100 Gallons,N/A,N/A,55'',86'',WB43,"$1,195.87",NA,1100,NA,NA,55,86,NA,NA,5808.804816487527
1100 Gallon Vertical Water Storage Tank | WB42,1100 Gallons,N/A,N/A,53'',86'',WB42,"$1,195.87",NA,1100,NA,NA,53,86,NA,NA,5808.804816487527
1100 Gallon Vertical Water Storage Tank | 40704,1100 Gallons,N/A,N/A,53'',87'',40704,"$1,279.87",NA,1100,NA,NA,53,87,NA,NA,5944.678698755286
1150 Gallon Vertical Water Storage Tank | BM30736,1150 Gallons,N/A,N/A,"90""","63""",BM30736,"$1,429.87",NA,1150,NA,NA,NA,NA,NA,NA,NA
1320 Gallon Vertical Water Storage Tank | BM45458,1320 Gallons,N/A,N/A,"72""","82""",BM45458,"$1,499.87",NA,1320,NA,NA,NA,NA,NA,NA,NA
1350 Gallon Vertical Water Storage Tank | 40860,1350 Gallons,N/A,N/A,88'',71'',40860,"$1,649.87",NA,1350,NA,NA,88,71,NA,NA,3959.1921416865366
1500 Gallon Vertical Water Storage Tank | BM30378,1500 Gallons,N/A,N/A,"63""","93""",BM30378,"$1,499.87",NA,1500,NA,NA,NA,NA,NA,NA,NA
1500 Gallon Vertical Water Storage Tank | WB47,1500 Gallons,N/A,N/A,70'',86'',WB47,"$1,453.87",NA,1500,NA,NA,70,86,NA,NA,5808.804816487527
1500 Gallon Vertical Water Storage Tank | WB46,1500 Gallons,N/A,N/A,70'',86'',WB46,"$1,453.87",NA,1500,NA,NA,70,86,NA,NA,5808.804816487527
1500 Gallon Vertical Water Storage Tank | WB45,1500 Gallons,N/A,N/A,70'',86'',WB45,"$1,453.87",NA,1500,NA,NA,70,86,NA,NA,5808.804816487527
1525 Gallon Vertical Water Storage Tank | 43808,1525 Gallons,N/A,N/A,62'',93'',43808,"$1,449.87",NA,1525,NA,NA,62,93,NA,NA,6792.90871522453
1550 Gallon Vertical Water Storage Tank | 40627,1550 Gallons,N/A,N/A,67'',87'',40627,"$1,449.87",NA,1550,NA,NA,67,87,NA,NA,5944.678698755286
2000 Gallon Vertical Water Storage Tank | 44129,2000 Gallons,N/A,N/A,84'',90'',44129,"$1,989.87",NA,2000,NA,NA,84,90,NA,NA,6361.725123519331
2100 Gallon Vertical Water Storage Tank | 44411,2100 Gallons,N/A,N/A,89'',87'',44411,"$1,849.87",NA,2100,NA,NA,89,87,NA,NA,5944.678698755286
2450 Gallon Vertical Water Storage Tank | 44656,2450 Gallons,N/A,N/A,85'',96'',44656,"$1,979.87",NA,2450,NA,NA,85,96,NA,NA,7238.229473870883
2500 Gallon Vertical Water Storage Tank | BM30407,2500 Gallons,N/A,N/A,"95""","96""",BM30407,"$2,089.87",NA,2500,NA,NA,NA,NA,NA,NA,NA
2500 Gallon Vertical Water Storage Tank | WB61,2500 Gallons,N/A,N/A,106'',90'',WB61,"$2,283.87",NA,2500,NA,NA,106,90,NA,NA,6361.725123519331
2500 Gallon Vertical Water Storage Tank | WB60,2500 Gallons,N/A,N/A,106'',90'',WB60,"$2,283.87",NA,2500,NA,NA,106,90,NA,NA,6361.725123519331
2500 Gallon Vertical Water Storage Tank | 42040,2500 Gallons,N/A,N/A,79'',102'',42040,"$1,989.87",NA,2500,NA,NA,79,102,NA,NA,8171.282491987052
2500 Gallon Vertical Plastic Storage Tank | 40631,2500 Gallons,N/A,N/A,91'',95'',40631,"$1,989.87",NA,2500,NA,NA,91,95,NA,NA,7088.218424661971
2550 Gallon Vertical Water Storage Tank | 43812,2550 Gallons,N/A,N/A,95'',93'',43812,"$1,989.87",NA,2550,NA,NA,95,93,NA,NA,6792.90871522453
2600 Gallon Vertical Water Storage Tank | WB62,2600 Gallons,N/A,N/A,97'',96'',WB62,"$2,207.87",NA,2600,NA,NA,97,96,NA,NA,7238.229473870883
2650 Gallon Vertical Water Storage Tank | BM45547,1650 Gallons,N/A,N/A,"80""","102""",BM45547,"$2,089.87",NA,1650,NA,NA,NA,NA,NA,NA,NA
3000 Gallon Vertical Water Storage Tank | BM30421,3000 Gallons,N/A,N/A,"109""","96""",BM30421,"$2,799.87",NA,3000,NA,NA,NA,NA,NA,NA,NA
3000 Gallon Vertical Water Storage Tank | BM45832,3000 Gallons,N/A,N/A,"102""","97.5""",BM45832,"$2,499.87",NA,3000,NA,NA,NA,NA,NA,NA,NA
3000 Gallon Vertical Water Storage Tank | WB73,3000 Gallons,N/A,N/A,93'',102'',WB73,"$2,613.87",NA,3000,NA,NA,93,102,NA,NA,8171.282491987052
3000 Gallon Vertical Water Storage Tank | WB72,3000 Gallons,N/A,N/A,109'',96'',WB72,"$2,705.87",NA,3000,NA,NA,109,96,NA,NA,7238.229473870883
3000 Gallon Vertical Water Storage Tank | WB71,3000 Gallons,N/A,N/A,96'',102'',WB71,"$2,741.87",NA,3000,NA,NA,96,102,NA,NA,8171.282491987052
3000 Gallon Vertical Water Storage Tank | WB70,3000 Gallons,N/A,N/A,96'',102'',WB70,"$2,741.87",NA,3000,NA,NA,96,102,NA,NA,8171.282491987052
3000 Gallon Vertical Water Storage Tank | 42042,3000 Gallons,N/A,N/A,93'',102'',42042,"$2,459.87",NA,3000,NA,NA,93,102,NA,NA,8171.282491987052
3000 Gallon Vertical Water Storage Tank  | 40635,3000 Gallons,N/A,N/A,109'',95'',40635,"$2,499.87",NA,3000,NA,NA,109,95,NA,NA,7088.218424661971
3100 Gallon Vertical Water Storage Tank | BM45848,3100 Gallons,N/A,N/A,"96""","102""",BM45848,"$2,549.87",NA,3100,NA,NA,NA,NA,NA,NA,NA
3450 Gallon Vertical Water Storage Tank | 44664,3450 Gallons,N/A,N/A,117'',96'',44664,"$2,739.87",NA,3450,NA,NA,117,96,NA,NA,7238.229473870883
4050 Gallon Vertical Water Storage Tank | BM45549,4050 Gallons,N/A,N/A,"129""","101""",BM45549,"$3,399.87",NA,4050,NA,NA,NA,NA,NA,NA,NA
4995 Gallon Vertical Water Storage Tank | 44247,4995 Gallons,N/A,N/A,88'',142'',44247,"$4,399.87",NA,4995,NA,NA,88,142,NA,NA,15836.768566746146
5000 Gallon Vertical Water Storage Tank | BM30430,5000 Gallons,N/A,N/A,"92""","140""",BM30430,"$4,959.87",NA,5000,NA,NA,NA,NA,NA,NA,NA
5000 Gallon Vertical Water Storage Tank | BM30444,5000 Gallons,N/A,N/A,"158""","102""",BM30444,"$5,259.87",NA,5000,NA,NA,NA,NA,NA,NA,NA
5000 Gallon Vertical Water Storage Tank | WB84,5000 Gallons,N/A,N/A,87'',144'',WB84,"$4,714.87",NA,5000,NA,NA,87,144,NA,NA,16286.016316209487
5000 Gallon Vertical Water Storage Tank | WB83,5000 Gallons,N/A,N/A,157'',102'',WB83,"$5,653.87",NA,5000,NA,NA,157,102,NA,NA,8171.282491987052
5000 Gallon Vertical Water Storage Tank | WB81,5000 Gallons,N/A,N/A,153'',102'',WB81,"$5,653.87",NA,5000,NA,NA,153,102,NA,NA,8171.282491987052
5000 Gallon Vertical Water Storage Tank | 40943,5000 Gallons,N/A,N/A,86'',141'',40943,"$4,333.87",NA,5000,NA,NA,86,141,NA,NA,15614.50088650467
5000 Gallon Vertical Water Storage Tank | 42044,5000 Gallons,N/A,N/A,112'',119'',42044,"$4,399.87",NA,5000,NA,NA,112,119,NA,NA,11122.023391871266
5000 Gallon Vertical Water Storage Tank | 40641,5000 Gallons,N/A,N/A,152'',102'',40641,"$5,099.87",NA,5000,NA,NA,152,102,NA,NA,8171.282491987052
5050 Gallon Vertical Water Storage Tank | BM45553,5050 Gallons,N/A,N/A,"96""","129""",BM45553,"$4,199.87",NA,5050,NA,NA,NA,NA,NA,NA,NA
6500 Gallon Vertical Water Storage Tank | BM6500,6500 Gallons,N/A,N/A,"152""","120""",BM6500,"$7,669.87",NA,6500,NA,NA,NA,NA,NA,NA,NA
6500 Gallon Vertical Water Storage Tank | 43876,6500 Gallons,N/A,N/A,150'',119'',43876,"$7,099.87",NA,6500,NA,NA,150,119,NA,NA,11122.023391871266
6600 Gallon Vertical Water Storage Tank | 44119 (Cali Green Only),6600 Gallons,N/A,N/A,101'',144'',44117,"$6,859.87",NA,6600,NA,NA,101,144,NA,NA,16286.016316209487
7750 Gallon Vertical Water Storage Tank | 44123 (Cali Green Only),7750 Gallons,N/A,N/A,122'',144'',44123,"$9,259.87",NA,7750,NA,NA,122,144,NA,NA,16286.016316209487
10000 Gallon Vertical Water Storage Tank | BM30816,10000 Gallons,N/A,N/A,"160""","140""",BM30816,"$14,099.87",NA,10000,NA,NA,NA,NA,NA,NA,NA
10000 Gallon Vertical Water Storage Tank | WB100,10000 Gallons,N/A,N/A,161'',144'',WB100,"$13,110.87",NA,10000,NA,NA,161,144,NA,NA,16286.016316209487
10000 Gallon Vertical Water Storage Tank | 43132,10000 Gallons,N/A,N/A,160'',141'',43132,"$13,499.87",NA,10000,NA,NA,160,141,NA,NA,15614.50088650467
10500 Gallon Vertical Water Storage Tank | WB101,10500 Gallons,N/A,N/A,170'',142'',WB101,"$14,309.87",NA,10500,NA,NA,170,142,NA,NA,15836.768566746146
11000 Gallon Vertical Water Storage Tank | 44013,11000 Gallons,N/A,N/A,167'',144'',44013,"$15,399.87",NA,11000,NA,NA,167,144,NA,NA,16286.016316209487
12000 Gallon Vertical Water Storage Tank | 44810,12000 Gallons,N/A,N/A,193'',141'',44810,"$17,399.87",NA,12000,NA,NA,193,141,NA,NA,15614.50088650467
15500 Gallon Vertical Water Storage Tank | 44814,15500 Gallons,N/A,N/A,244'',141'',44814,"$24,199.87",NA,15500,NA,NA,244,141,NA,NA,15614.50088650467
10 Gallon Vertical Storage Tank | 44844,10 Gallons,N/A,N/A,26'',12'',44844,$99.87,99.87,10,NA,NA,26,12,0.10013016921998598,9.987,113.09733552923255
20 Gallon Vertical Storage Tank | 44846,20 Gallons,N/A,N/A,28'',16'',44846,$145.87,145.87,20,NA,NA,28,16,0.13710838417769247,7.2935,201.06192982974676
22 Gallon Vertical Plastic Storage Tank | 43608,22 Gallons,N/A,N/A,20'',20'',43608,$139.87,139.87,22,NA,NA,20,20,0.1572889111317652,6.357727272727273,314.1592653589793
25 Gallon Vertical Plastic Storage Tank | 41867,25 Gallons,N/A,N/A,29'',18'',41867,$129.87,129.87,25,NA,NA,29,18,0.19250019250019249,5.1948,254.46900494077323
40 Gallon Vertical Storage Tank | 44848,40 Gallons,N/A,N/A,42'',18'',44848,$152.87,152.87,40,NA,NA,42,18,0.2616602341859096,3.82175,254.46900494077323
50 Gallon Vertical Plastic Storage Tank | 41865,50 Gallons,N/A,N/A,53'',18'',41865,$198.87,198.87,50,NA,NA,53,18,0.2514205259717403,3.9774000000000003,254.46900494077323
65 Gallon Vertical Plastic Storage Tank | 45192,65 Gallons,N/A,N/A,43'',23'',45192,$199.87,199.87,65,NA,NA,43,23,0.32521138740181116,3.074923076923077,415.4756284372501
70 Gallon Vertical Plastic Storage Tank | 1009200C26,70 Gallons,N/A,N/A,23'',23'',1009200C26,$396.87,396.87,70,NA,NA,23,23,0.17638017486834479,5.6695714285714285,415.4756284372501
70 Gallon Vertical Plastic Storage Tank | 1007200C26,70 Gallons,N/A,N/A,23'',23'',1007200C26,$459.87,459.87,70,NA,NA,23,23,0.1522169308717681,6.569571428571429,415.4756284372501
75 Gallon Vertical Plastic Storage Tank | 41863,75 Gallons,N/A,N/A,49'',23'',41863,$239.87,239.87,75,NA,NA,49,23,0.31266936257139283,3.1982666666666666,415.4756284372501
100 Gallon Vertical Plastic Storage Tank | 1012700C26,100 Gallons,N/A,N/A,41'',30'',1012700,$679.87,679.87,100,NA,NA,41,30,0.14708694309206172,6.7987,706.8583470577034
100 Gallon Vertical Plastic Storage Tank | 1011000C26,100 Gallons,N/A,N/A,35'',35'',1011000C26,$679.87,679.87,100,NA,NA,35,35,0.14708694309206172,6.7987,962.1127501618741
100 Gallon Vertical Plastic Storage Tank | 41861,100 Gallons,N/A,N/A,43'',28'',41861,$319.87,319.87,100,NA,NA,43,28,0.3126270047206678,3.1987,615.7521601035994
105 Gallon Vertical Plastic Storage Tank | 40803,105 Gallons,N/A,N/A,63'',23'',40803,$335.87,335.87,105,NA,NA,63,23,0.31262095453598115,3.1987619047619047,415.4756284372501
120 Gallon Vertical Plastic Storage Tank | 40318,120 Gallons,N/A,N/A,31'',38'',40318,$365.87,365.87,120,NA,NA,31,38,0.32798534998770057,3.0489166666666665,1134.1149479459152
130 Gallon Vertical Plastic Storage Tank | 44102,130 Gallons,N/A,N/A,46'',32'',44102,$389.87,389.87,130,NA,NA,46,32,0.33344448149383127,2.999,804.247719318987
130 Gallon Vertical Plastic Storage Tank | 1009500C26,130 Gallons,N/A,N/A,49'',29'',1009500C26,$679.87,679.87,130,NA,NA,49,29,0.19121302601968024,5.2297692307692305,660.519855417254
130 Gallon Vertical Plastic Storage Tank | 1007300C26,130 Gallons,N/A,N/A,51'',29'',1007300C26,$679.87,679.87,130,NA,NA,51,29,0.19121302601968024,5.2297692307692305,660.519855417254
150 Gallon Vertical Plastic Storage Tank | 1012800C26,150 Gallons,N/A,N/A,59'',30'',1012800C26,$696.87,696.87,150,NA,NA,59,30,0.21524818115286926,4.6458,706.8583470577034
150 Gallon Vertical Plastic Storage Tank | 41859,150 Gallons,N/A,N/A,56'',30'',41859,$419.87,419.87,150,NA,NA,56,30,0.35725343558720557,2.7991333333333333,706.8583470577034
160 Gallon Vertical Storage Tank | 44536,160 Gallons,N/A,N/A,69'',28'',44536,$449.87,449.87,160,NA,NA,69,28,0.35565830128703846,2.8116875,615.7521601035994
165 Gallon Vertical Plastic Storage Tank | 40281,165 Gallons,N/A,N/A,56'',31'',40281,$419.87,419.87,165,NA,NA,56,31,0.3929787791459261,2.5446666666666666,754.7676350249478
175 Gallon Vertical Plastic Storage Tank | 1008400C26,175 Gallons,N/A,N/A,66'',29'',1008400C26,$714.87,714.87,175,NA,NA,66,29,0.24479975380139046,4.0849714285714285,660.519855417254
200 Gallon Vertical Plastic Storage Tank | 1008000C26,200 Gallons,N/A,N/A,53'',36'',1008000C26,$661.87,661.87,200,NA,NA,53,36,0.302174142958587,3.3093500000000002,1017.8760197630929
200 Gallon Vertical Plastic Storage Tank | 1011100C26,200 Gallons,N/A,N/A,56'',35'',1011100C26,$661.87,661.87,200,NA,NA,56,35,0.302174142958587,3.3093500000000002,962.1127501618741
200 Gallon Vertical Plastic Storage Tank | 41856,200 Gallons,N/A,N/A,72'',30'',41856,$489.87,489.87,200,NA,NA,72,30,0.40827158225651705,2.44935,706.8583470577034
210 Gallon Vertical Plastic Storage Tank | 1012900C26,210 Gallons,N/A,N/A,55'',36'',1012900C26,$661.87,661.87,210,NA,NA,55,36,0.31728285010651636,3.151761904761905,1017.8760197630929
210 Gallon Vertical Plastic Storage Tank | 47401,210 Gallons,N/A,N/A,67'',32'',47401,$489.87,489.87,210,NA,NA,67,32,0.42868516136934287,2.3327142857142857,804.247719318987
220 Gallon Vertical Plastic Storage Tank | 40320,220 Gallons,N/A,N/A,44'',42'',40320,$459.87,459.87,220,NA,NA,44,42,0.47839606845412835,2.0903181818181817,1385.4423602330987
225 Gallon Vertical Storage Tank | 44538,225 Gallons,N/A,N/A,77'',31'',44538,$539.87,539.87,225,NA,NA,77,31,0.41676699946283363,2.3994222222222223,754.7676350249478
250 Gallon Vertical Plastic Storage Tank | 1008100C26,250 Gallons,N/A,N/A,64'',36'',1008100C26,$769.87,769.87,250,NA,NA,64,36,0.3247301492459766,3.07948,1017.8760197630929
250 Gallon Vertical Plastic Storage Tank | 41854,250 Gallons,N/A,N/A,89'',30'',41854,$599.87,599.87,250,NA,NA,89,30,0.4167569640088686,2.39948,706.8583470577034
290 Gallon Vertical Plastic Storage Tank | 1013000C26,290 Gallons,N/A,N/A,72'',36'',1013000C26,$769.87,769.87,290,NA,NA,72,36,0.37668697312533284,2.6547241379310345,1017.8760197630929
300 Gallon Vertical Plastic Storage Tank | 1011200C45,300 Gallons,N/A,N/A,82'',35'',1011200C45,$769.87,769.87,300,NA,NA,82,35,0.38967617909517194,2.5662333333333334,962.1127501618741
300 Gallon Vertical Plastic Storage Tank | 1630000C45,300 Gallons,N/A,N/A,80'',35'',1630000C45,$769.87,769.87,300,NA,NA,80,35,0.38967617909517194,2.5662333333333334,962.1127501618741
300 Gallon Vertical Plastic Storage Tank  | 40213,300 Gallons,N/A,N/A,79'',35'',40213,$669.87,669.87,300,NA,NA,79,35,0.44784808992789643,2.2329,962.1127501618741
305 Gallon Vertical Plastic Storage Tank | 40302,305 Gallons,N/A,N/A,50'',46'',40302,$599.87,599.87,305,NA,NA,50,46,0.5084434960908196,1.9667868852459016,1661.9025137490005
310 Gallon Vertical Plastic Storage Tank | 43625,310 Gallons,N/A,N/A,94'',32'',43625,$698.87,698.87,310,NA,NA,94,32,0.4435731967318672,2.2544193548387095,804.247719318987
330 Gallon Vertical Plastic Storage Tank | 1011600C45,330 Gallons,N/A,N/A,58'',44'',1011600C45,$792.87,792.87,330,NA,NA,58,44,0.4162094668735102,2.4026363636363635,1520.53084433746
330 Gallon Vertical Plastic Storage Tank | 1008200C26,330 Gallons,N/A,N/A,50'',47'',1008200C26,$792.87,792.87,330,NA,NA,50,47,0.4162094668735102,2.4026363636363635,1734.9445429449634
500 Gallon Heavy Duty Vertical Plastic Storage Tank | 40150,500 Gallons,N/A,N/A,73'',48'',40150,$989.87,989.87,500,NA,NA,73,48,0.505116833523594,1.97974,1809.5573684677208
500 Gallon Vertical Plastic Storage Tank | 40148,500 Gallons,N/A,N/A,73'',48'',40148,$869.87,869.87,500,NA,NA,73,48,0.5747985331141435,1.73974,1809.5573684677208
550 Gallon Vertical Plastic Storage Tank | 8060000C45,550 Gallons,N/A,N/A,46'',64'',8060000C45,$917.87,917.87,550,NA,NA,46,64,0.599213396232582,1.6688545454545454,3216.990877275948
550 Gallon Vertical Plastic Storage Tank | 1820000C45,550 Gallons,N/A,N/A,47'',64'',1820000C45,$917.87,917.87,550,NA,NA,47,64,0.599213396232582,1.6688545454545454,3216.990877275948
550 Gallon Vertical Plastic Storage Tank | 1800000C45,550 Gallons,N/A,N/A,75'',48'',1800000C45,$990.87,990.87,550,NA,NA,75,48,0.5550677687284912,1.8015818181818182,1809.5573684677208
550 Gallon Vertical Plastic Storage Tank | 1800400C45,550 Gallons,N/A,N/A,75'',48'',1800400C45,$990.87,990.87,550,NA,NA,75,48,0.5550677687284912,1.8015818181818182,1809.5573684677208
550 Gallon Vertical Plastic Storage Tank | 40023,550 Gallons,N/A,N/A,44'',67'',40023,$859.87,859.87,550,NA,NA,44,67,0.6396315722144045,1.5634,3525.6523554911455
560 Gallon Vertical Plastic Storage Tank | 1011800C45,560 Gallons,N/A,N/A,45'',65'',1011800C45,$887.87,887.87,560,NA,NA,45,65,0.6307229662000068,1.5854821428571428,3318.307240354219
750 Gallon Vertical Plastic Storage Tank | 1008500C45,750 Gallons,N/A,N/A,50'',72'',1008500C45,"$1,466.87",NA,750,NA,NA,50,72,NA,NA,4071.5040790523717
750 Gallon Vertical Plastic Storage Tank | 40606,750 Gallons,N/A,N/A,103'',48'',40606,"$1,298.87",NA,750,NA,NA,103,48,NA,NA,1809.5573684677208
850 Gallon Vertical Plastic Storage Tank | 1810000C26,850 Gallons,N/A,N/A,117'',48'',1810000C26,"$1,820.87",NA,850,NA,NA,117,48,NA,NA,1809.5573684677208
850 Gallon Vertical Plastic Storage Tank | 42214,850 Gallons,N/A,N/A,118'',48'',42214,"$1,398.87",NA,850,NA,NA,118,48,NA,NA,1809.5573684677208
1000 Gallon Vertical Plastic Storage Tank | 1831000C45,1000 Gallons,N/A,N/A,89'',60'',1831000C45,"$1,820.87",NA,1000,NA,NA,89,60,NA,NA,2827.4333882308138
1000 Gallon Vertical Plastic Storage Tank | 1008600C45,1000 Gallons,N/A,N/A,65'',72'',1008600C45,"$1,737.87",NA,1000,NA,NA,65,72,NA,NA,4071.5040790523717
1000 Gallon Heavy Duty Vertical Plastic Storage Tank | 40154,1000 Gallons,N/A,N/A,80'',64'',40154,"$1,849.87",NA,1000,NA,NA,80,64,NA,NA,3216.990877275948
1000 Gallon Vertical Plastic Storage Tank | 40152,1000 Gallons,N/A,N/A,80'',64'',40152,"$1,629.87",NA,1000,NA,NA,80,64,NA,NA,3216.990877275948
1050 Gallon Vertical Storage Tank | 44818,1050 Gallons,N/A,N/A,134'',48'',44818,"$1,698.87",NA,1050,NA,NA,134,48,NA,NA,1809.5573684677208
1100 Gallon Vertical Plastic Storage Tank | 8120000C45,1100 Gallons,N/A,N/A,55'',86'',8120000C45,"$1,378.87",NA,1100,NA,NA,55,86,NA,NA,5808.804816487527
1100 Gallon Vertical Plastic Storage Tank | 1710000C45,1100 Gallons,N/A,N/A,55'',86'',1710000C45,"$1,378.87",NA,1100,NA,NA,55,86,NA,NA,5808.804816487527
1100 Gallon Vertical Plastic Storage Tank | 1830000C45,1100 Gallons,N/A,N/A,90'',64'',1830000C45,"$1,820.87",NA,1100,NA,NA,90,64,NA,NA,3216.990877275948
1100 Gallon Heavy Duty Vertical Plastic Storage Tank | 40081,1100 Gallons,N/A,N/A,53'',87'',40081,"$1,539.87",NA,1100,NA,NA,53,87,NA,NA,5944.678698755286
1100 Gallon Vertical Plastic Storage Tank | 40070,1100 Gallons,N/A,N/A,53'',87'',40070,"$1,359.87",NA,1100,NA,NA,53,87,NA,NA,5944.678698755286
1250 Gallon Heavy Duty Vertical Plastic Storage Tank | 44358,1250 Gallons,N/A,N/A,114'',60'',44358,"$2,111.87",NA,1250,NA,NA,114,60,NA,NA,2827.4333882308138
1250 Gallon Vertical Plastic Storage Tank | 44356,1250 Gallons,N/A,N/A,114'',60'',44356,"$1,859.87",NA,1250,NA,NA,114,60,NA,NA,2827.4333882308138
1400 Gallon Vertical Plastic Storage Tank | 1840300C45,1400 Gallons,N/A,N/A,128'',60'',1840300C45,"$2,164.87",NA,1400,NA,NA,128,60,NA,NA,2827.4333882308138
1500 Gallon Vertical Plastic Storage Tank | 8120100C45,1500 Gallons,N/A,N/A,72'',86'',8120100C45,"$1,692.87",NA,1500,NA,NA,72,86,NA,NA,5808.804816487527
1500 Gallon Vertical Plastic Storage Tank | 1770000C45,1500 Gallons,N/A,N/A,72'',86'',1770000C45,"$1,692.87",NA,1500,NA,NA,72,86,NA,NA,5808.804816487527
1500 Gallon Vertical Plastic Storage Tank | 1008700C45,1500 Gallons,N/A,N/A,93'',72'',1008700C45,"$2,205.87",NA,1500,NA,NA,93,72,NA,NA,4071.5040790523717
1500 Gallon Heavy Duty Vertical Plastic Storage Tank | 40146,1500 Gallons,N/A,N/A,116'',64'',40146,"$2,598.87",NA,1500,NA,NA,116,64,NA,NA,3216.990877275948
1500 Gallon Vertical Plastic Storage Tank | 40144,1500 Gallons,N/A,N/A,116'',64'',40144,"$2,298.87",NA,1500,NA,NA,116,64,NA,NA,3216.990877275948
1505 Gallon Heavy Duty Vertical Plastic Storage Tank | 44261,1505 Gallons,N/A,N/A,135'',60'',44261,"$2,759.87",NA,1505,NA,NA,135,60,NA,NA,2827.4333882308138
1505 Gallon Vertical Plastic Storage Tank | 44259,1505 Gallons,N/A,N/A,135'',60'',44259,"$2,439.87",NA,1505,NA,NA,135,60,NA,NA,2827.4333882308138
1550 Gallon Vertical Plastic Storage Tank | 1840000C45,1550 Gallons,N/A,N/A,124'',64'',1840000C45,"$2,577.87",NA,1550,NA,NA,124,64,NA,NA,3216.990877275948
1550 Gallon Heavy Duty Vertical Plastic Storage Tank | 40236,1550 Gallons,N/A,N/A,67'',87'',40236,"$1,798.87",NA,1550,NA,NA,67,87,NA,NA,5944.678698755286
1550 Gallon Vertical Plastic Storage Tank | 40235,1550 Gallons,N/A,N/A,67'',87'',40235,"$1,579.87",NA,1550,NA,NA,67,87,NA,NA,5944.678698755286
1700 Gallon Heavy Duty Vertical Plastic Storage Tank | 40012,1700 Gallons,N/A,N/A,74'',87'',40012,"$1,898.87",NA,1700,NA,NA,74,87,NA,NA,5944.678698755286
1700 Gallon Vertical Plastic Storage Tank | 40010,1700 Gallons,N/A,N/A,74'',87'',40010,"$1,759.87",NA,1700,NA,NA,74,87,NA,NA,5944.678698755286
2000 Gallon Vertical Plastic Storage Tank | 5050300C43,2000 Gallons,N/A,N/A,84'',96'',5050300C43,"$2,946.87",NA,2000,NA,NA,84,96,NA,NA,7238.229473870883
2000 Gallon Vertical Plastic Storage Tank | 8130000C43,2000 Gallons,N/A,N/A,88'',90'',8130000C43,"$2,946.87",NA,2000,NA,NA,88,90,NA,NA,6361.725123519331
2000 Gallon Vertical Plastic Storage Tank | 5050000C43,2000 Gallons,N/A,N/A,88'',90'',5050000C43,"$2,946.87",NA,2000,NA,NA,88,90,NA,NA,6361.725123519331
2000 Gallon Heavy Duty Vertical Plastic Storage Tank | 44127,2000 Gallons,N/A,N/A,84'',90'',44127,"$2,579.87",NA,2000,NA,NA,84,90,NA,NA,6361.725123519331
2000 Gallon Heavy Duty Vertical Plastic Storage Tank | 47564,2000 Gallons,N/A,N/A,152'',64'',47564,"$3,699.87",NA,2000,NA,NA,152,64,NA,NA,3216.990877275948
2000 Gallon Vertical Plastic Storage Tank  | 44125,2000 Gallons,N/A,N/A,84'',90'',44125,"$2,259.87",NA,2000,NA,NA,84,90,NA,NA,6361.725123519331
2000 Gallon Vertical Plastic Storage Tank  | 47109,2000 Gallons,N/A,N/A,152'',64'',47109,"$3,279.87",NA,2000,NA,NA,152,64,NA,NA,3216.990877275948
2100 Gallon Vertical Plastic Storage Tank | 1001800C43,2100 Gallons,N/A,N/A,72'',102'',1001800C43,"$2,450.87",NA,2100,NA,NA,72,102,NA,NA,8171.282491987052
2100 Gallon Heavy Duty Vertical Plastic Storage Tank | 40241,2100 Gallons,N/A,N/A,89'',87'',40241,"$2,639.87",NA,2100,NA,NA,89,87,NA,NA,5944.678698755286
2100 Gallon Vertical Plastic Storage Tank | 41399,2100 Gallons,N/A,N/A,69'',102'',41399,"$2,299.87",NA,2100,NA,NA,69,102,NA,NA,8171.282491987052
2100 Gallon Vertical Plastic Storage Tank | 40178,2100 Gallons,N/A,N/A,89'',87'',40178,"$2,299.87",NA,2100,NA,NA,89,87,NA,NA,5944.678698755286
2500 Gallon Vertical Plastic Storage Tank | 5090300C43,2500 Gallons,N/A,N/A,98'',96'',5090300C43,"$3,497.87",NA,2500,NA,NA,98,96,NA,NA,7238.229473870883
2500 Gallon Vertical Plastic Storage Tank | 8140000C43,2500 Gallons,N/A,N/A,107'',90'',8140000C43,"$3,497.87",NA,2500,NA,NA,107,90,NA,NA,6361.725123519331
2500 Gallon Vertical Plastic Storage Tank | 5090000C43,2500 Gallons,N/A,N/A,107'',90'',5090000C43,"$3,126.87",NA,2500,NA,NA,107,90,NA,NA,6361.725123519331
2500 Gallon Heavy Duty Vertical Plastic Storage Tank | 42384,2500 Gallons,N/A,N/A,79'',102'',42384,"$3,059.87",NA,2500,NA,NA,79,102,NA,NA,8171.282491987052
2500 Gallon Heavy Duty Vertical Plastic Storage Tank | 40052,2500 Gallons,N/A,N/A,91'',95'',40052,"$3,099.87",NA,2500,NA,NA,91,95,NA,NA,7088.218424661971
2500 Gallon Vertical Plastic Storage Tank | 42382,2500 Gallons,N/A,N/A,79'',102'',42382,"$2,687.87",NA,2500,NA,NA,79,102,NA,NA,8171.282491987052
2500 Gallon Vertical Plastic Storage Tank | 40051,2500 Gallons,N/A,N/A,91'',95'',40051,"$2,767.87",NA,2500,NA,NA,91,95,NA,NA,7088.218424661971
2650 Gallon Vertical Plastic Storage Tank | 8390000C43,2650 Gallons,N/A,N/A,97'',102'',8390000C43,"$3,497.87",NA,2650,NA,NA,97,102,NA,NA,8171.282491987052
3000 Gallon Vertical Plastic Storage Tank | 7410000C43,3000 Gallons,N/A,N/A,96'',102'',7410000C43,"$4,050.87",NA,3000,NA,NA,96,102,NA,NA,8171.282491987052
3000 Gallon Vertical Plastic Storage Tank | 5130300C43,3000 Gallons,N/A,N/A,111'',96'',5130300C43,"$4,050.87",NA,3000,NA,NA,111,96,NA,NA,7238.229473870883
3000 Gallon Vertical Plastic Storage Tank | 8160000C43,3000 Gallons,N/A,N/A,127'',90'',8160000C43,"$4,050.87",NA,3000,NA,NA,127,90,NA,NA,6361.725123519331
3000 Gallon Vertical Plastic Storage Tank | 5130000C43,3000 Gallons,N/A,N/A,127'',90'',5130000C43,"$4,050.87",NA,3000,NA,NA,127,90,NA,NA,6361.725123519331
3 Gallon RV Water Tank | RVWB267,3 Gallons,16.375'',9'',5.25'',N/A,RVWB267,$67.95,67.95,3,16.375,9,5.25,NA,0.044150110375275935,22.650000000000002,147.375
3 Gallon RV Water Tank | RV13W,3 Gallons,17'',7'',7'',N/A,RV13W,$90.95,90.95,3,17,7,7,NA,0.032985156679494226,30.316666666666666,119
4 Gallon RV Water Tank | RVWB269,4 Gallons,17.625'',8.25'',7.875'',N/A,RVWB269,$56.95,56.95,4,17.625,8.25,7.875,NA,0.07023705004389816,14.2375,145.40625
5 Gallon RV Water Tank | RVWB410,5 Gallons,18'',13.5'',7'',N/A,RVWB410,$156.95,156.95,5,18,13.5,7,NA,0.03185727938834024,31.389999999999997,243
5 Gallon RV Water Tank | RVWB390,5 Gallons,20'',12'',5.5'',N/A,RVWB390,$90.95,90.95,5,20,12,5.5,NA,0.05497526113249038,18.19,240
5 Gallon RV Water Tank | RVWB377,5 Gallons,18.5'',9.5'',6.75'',N/A,RVWB377,$112.95,112.95,5,18.5,9.5,6.75,NA,0.04426737494466578,22.59,175.75
5 Gallon RV Water Tank | RVWB322,5 Gallons,21'',8.25'',8'',N/A,RVWB322,$112.95,112.95,5,21,8.25,8,NA,0.04426737494466578,22.59,173.25
5 Gallon RV Water Tank | RVWB268,5 Gallons,12.25'',12.25'',8.25'',N/A,RVWB268,$78.95,78.95,5,12.25,12.25,8.25,NA,0.06333122229259025,15.790000000000001,150.0625
6 Gallon RV Water Tank | RVWB533,6 Gallons,27'',13.25'',4.25'',N/A,RVWB533,$146.95,146.95,6,27,13.25,4.25,NA,0.04083021435862538,24.491666666666664,357.75
6 Gallon RV Water Tank | RVWB404,6 Gallons,13.75'',13.75'',10'',N/A,RVWB404,$146.95,146.95,6,13.75,13.75,10,NA,0.04083021435862538,24.491666666666664,189.0625
6 Gallon RV Water Tank | RVWB357,6 Gallons,20'',11.5'',7'',N/A,RVWB357,$146.95,146.95,6,20,11.5,7,NA,0.04083021435862538,24.491666666666664,230
6 Gallon RV Water Tank | RVWB285,6 Gallons,21.625'',14.375'',5.375'',N/A,RVWB285,$112.95,112.95,6,21.625,14.375,5.375,NA,0.05312084993359894,18.825,310.859375
6 Gallon RV Water Tank | RVWB277,6 Gallons,16'',12'',8'',N/A,RVWB277,$100.95,100.95,6,16,12,8,NA,0.05943536404160475,16.825,192
7 Gallon RV Water Tank | RVWB535,7 Gallons,13'',12'',12'',N/A,RVWB535,$90.95,90.95,7,13,12,12,NA,0.07696536558548653,12.992857142857144,156
7 Gallon RV Water Tank | RVWB395,7 Gallons,27'',14.375'',5'',N/A,RVWB395,$112.95,112.95,7,27,14.375,5,NA,0.06197432492253209,16.135714285714286,388.125
7 Gallon RV Water Tank | RVWB344,7 Gallons,21.5'',10'',8.75'',N/A,RVWB344,$112.95,112.95,7,21.5,10,8.75,NA,0.06197432492253209,16.135714285714286,215
7 Gallon RV Water Tank | RVWB326,7 Gallons,12'',12'',12'',N/A,RVWB326,$90.95,90.95,7,12,12,12,NA,0.07696536558548653,12.992857142857144,144
7 Gallon RV Water Tank | RVWB287,7 Gallons,27'',10.25'',6.5'',N/A,RVWB287,$100.95,100.95,7,27,10.25,6.5,NA,0.06934125804853888,14.421428571428573,276.75
7 Gallon RV Water Tank | RVWB275,7 Gallons,15.625'',15.125'',7.75'',N/A,RVWB275,$100.95,100.95,7,15.625,15.125,7.75,NA,0.06934125804853888,14.421428571428573,236.328125
7 Gallon RV Water Tank | RVWB272,7 Gallons,24.25'',12.5'',5.75'',N/A,RVWB272,$100.95,100.95,7,24.25,12.5,5.75,NA,0.06934125804853888,14.421428571428573,303.125
7 Gallon RV Water Tank | RVWB271,7 Gallons,19.25'',13.125'',7.125'',N/A,RVWB271,$100.95,100.95,7,19.25,13.125,7.125,NA,0.06934125804853888,14.421428571428573,252.65625
8 Gallon RV Water Tank | RVWB360,8 Gallons,23.5'',10'',8.5'',N/A,RVWB360,$90.95,90.95,8,23.5,10,8.5,NA,0.0879604178119846,11.36875,235
8 Gallon RV Water Tank | RVWB280,8 Gallons,Request Drawing,Odd Shape,Call 800 211-7998,N/A,RVWB280,$112.95,112.95,8,NA,NA,NA,NA,0.07082779991146525,14.11875,NA
8 Gallon RV Water Tank | RVWB270,8 Gallons,24'',12.25'',6.875'',N/A,RVWB270,$90.95,90.95,8,24,12.25,6.875,NA,0.0879604178119846,11.36875,294
8 Gallon RV Water Tank | RVWB186,8 Gallons,18'',11.5'',10'',N/A,RVWB186,$90.95,90.95,8,18,11.5,10,NA,0.0879604178119846,11.36875,207
8 Gallon RV Water Tank | RVWB121,8 Gallons,Request Drawing,Odd Shape,Call 800 211-7998,N/A,RVWB121,$112.95,112.95,8,NA,NA,NA,NA,0.07082779991146525,14.11875,NA
7.5 Gallon RV Water Tank | RVWB525,7.5 Gallons,26'',11'',7'',N/A,RVWB525,$90.95,90.95,7.5,26,11,7,NA,0.08246289169873557,12.126666666666667,286
8 Gallon RV Water Tank | RV41W,8 Gallons,17'',12.75'',10'',N/A,RV41W,$146.95,146.95,8,17,12.75,10,NA,0.05444028581150052,18.36875,216.75
8 Gallon RV Water Tank | RV21W,8 Gallons,17.75'',15.75'',8.25'',N/A,RV21W,$190.95,190.95,8,17.75,15.75,8.25,NA,0.041895784236711184,23.86875,279.5625
9 Gallon RV Water Tank | RVWB532,9 Gallons,18.5'',17'',7.5'',N/A,RVWB532,$134.95,134.95,9,18.5,17,7.5,NA,0.06669136717302705,14.994444444444444,314.5
9 Gallon RV Water Tank | RVWB442,9 Gallons,19'',15'',9'',N/A,RVWB442,$134.95,134.95,9,19,15,9,NA,0.06669136717302705,14.994444444444444,285
9 Gallon RV Water Tank | RVWB361,9 Gallons,25.5'',10.5'',8.5'',N/A,RVWB361,$134.95,134.95,9,25.5,10.5,8.5,NA,0.06669136717302705,14.994444444444444,267.75
9 Gallon RV Water Tank | RVWB341,9 Gallons,31'',10.5'',7'',N/A,RVWB341,$134.95,134.95,9,31,10.5,7,NA,0.06669136717302705,14.994444444444444,325.5
9 Gallon RV Water Tank | RVWB336,9 Gallons,25'',14.625'',6'',N/A,RVWB336,$186.95,186.95,9,25,14.625,6,NA,0.04814121422840332,20.772222222222222,365.625
9 Gallon RV Water Tank | RVWB321,9 Gallons,18'',12.5'',11'',N/A,RVWB321,$123.95,123.95,9,18,12.5,11,NA,0.07260992335619201,13.772222222222222,225
9 Gallon RV Water Tank | RVWB304,9 Gallons,27'',15'',6'',N/A,RVWB304,$123.95,123.95,9,27,15,6,NA,0.07260992335619201,13.772222222222222,405
9 Gallon RV Water Tank | RVWB288,9 Gallons,32'',15'',5'',N/A,RVWB288,$112.95,112.95,9,32,15,5,NA,0.0796812749003984,12.55,480
9 Gallon RV Water Tank | RVWB132,9 Gallons,16'',14'',10'',N/A,RVWB132,$90.95,90.95,9,16,14,10,NA,0.09895547003848268,10.105555555555556,224
9 Gallon RV Water Tank | RV56W,9 Gallons,20.5'',12.75'',8'',N/A,RV56W,$168.95,168.95,9,20.5,12.75,8,NA,0.053270198283515834,18.772222222222222,261.375
9 Gallon RV Water Tank | RV31W,9 Gallons,34.25'',15'',12'',N/A,RV31W,$224.95,224.95,9,34.25,15,12,NA,0.04000889086463659,24.994444444444444,513.75
10 Gallon Water or Waste Holding Tank | TRI-WH-2010,10 Gallons,17'',14'',10'',N/A,TRI-WH-2010,$209.99,209.99,10,17,14,10,NA,0.047621315300728606,20.999000000000002,238
10 Gallon RV Water Tank | RVWB560,10 Gallons,18'',12'',12'',N/A,RVWB560,$168.95,168.95,10,18,12,12,NA,0.059189109203906486,16.895,216
10 Gallon RV Water Tank | RVWB438,10 Gallons,26'',11'',11'',N/A,RVWB438,$146.95,146.95,10,26,11,11,NA,0.06805035726437564,14.694999999999999,286
10 Gallon RV Water Tank | RVWB389,10 Gallons,25.25'',12.75'',8'',N/A,RVWB389,$112.95,112.95,10,25.25,12.75,8,NA,0.08853474988933156,11.295,321.9375
10 Gallon RV Water Tank | RVWB365,10 Gallons,17.75'',12.5'',11'',N/A,RVWB365,$123.95,123.95,10,17.75,12.5,11,NA,0.08067769261799113,12.395,221.875
10 Gallon RV Water Tank | RVWB323,10 Gallons,32'',19.5'',4.75'',N/A,RVWB323,$146.95,146.95,10,32,19.5,4.75,NA,0.06805035726437564,14.694999999999999,624
10 Gallon RV Water Tank | RVWB263,10 Gallons,15.375'',13.25'',13.25'',N/A,RVWB263,$146.95,146.95,10,15.375,13.25,13.25,NA,0.06805035726437564,14.694999999999999,203.71875
10 Gallon RV Water Tank | RVWB217,10 Gallons,Request Drawing,Odd Shape,Call 800 211-7998,N/A,RVWB217,$112.95,112.95,10,NA,NA,NA,NA,0.08853474988933156,11.295,NA
11 Gallon RV Water Tank | RVWB375,11 Gallons,17'',16'',11'',N/A,RVWB375,$146.95,146.95,11,17,16,11,NA,0.0748553929908132,13.359090909090908,272
11 Gallon RV Water Tank | RVWB319,11 Gallons,35'',19.5'',4.75'',N/A,RVWB319,$190.95,190.95,11,35,19.5,4.75,NA,0.057606703325477876,17.35909090909091,682.5
11 Gallon RV Water Tank | RVWB286,11 Gallons,15.375'',13.5'',13.5'',N/A,RVWB286,$112.95,112.95,11,15.375,13.5,13.5,NA,0.09738822487826472,10.268181818181818,207.5625
11 Gallon RV Water Tank | RV23W,11 Gallons,30.25'',10'',9'',N/A,RV23W,$202.95,202.95,11,30.25,10,9,NA,0.05420054200542006,18.45,302.5
12 Gallon RV Water Tank | RVWB548,12 Gallons,24'',13.5'',10'',N/A,RVWB548,$168.95,168.95,12,24,13.5,10,NA,0.07102693104468778,14.079166666666666,324
12 Gallon RV Water Tank | RVWB441,12 Gallons,"14.75""","14.75""",14.25'',N/A,RVWB441,$168.95,168.95,12,NA,NA,14.25,NA,0.07102693104468778,14.079166666666666,NA
12 Gallon RV Water Tank | RVWB279,12 Gallons,23'',11.5'',11.5'',N/A,RVWB279,$112.95,112.95,12,23,11.5,11.5,NA,0.10624169986719788,9.4125,264.5
12 Gallon RV Water Tank | RVWB255,12 Gallons,17'',17'',11'',N/A,RVWB255,$146.95,146.95,12,17,17,11,NA,0.08166042871725077,12.245833333333332,289
12 Gallon RV Water Tank | RVWB124,12 Gallons,20'',12'',12'',N/A,RVWB124,$112.95,112.95,12,20,12,12,NA,0.10624169986719788,9.4125,240
12 Gallon RV Water Tank | RVWB105,12 Gallons,17.5'',14'',12'',N/A,RVWB105,$112.95,112.95,12,17.5,14,12,NA,0.10624169986719788,9.4125,245
12 Gallon RV Water Tank | RV16W,12 Gallons,18'',13'',13'',N/A,RV16W,$168.95,168.95,12,18,13,13,NA,0.07102693104468778,14.079166666666666,234
12 Gallon RV Water Tank | RV14W,12 Gallons,24'',15.5'',8.25'',N/A,RV14W,$168.95,168.95,12,24,15.5,8.25,NA,0.07102693104468778,14.079166666666666,372
13 Gallon RV Water Tank | RVWB266,13 Gallons,18.25'',14.375'',13.125'',N/A,RVWB266,$202.95,202.95,13,18.25,14.375,13.125,NA,0.06405518600640553,15.61153846153846,262.34375
13 Gallon RV Water Tank | RVWB262,13 Gallons,15.875'',15.125'',14.5'',N/A,RVWB262,$146.95,146.95,13,15.875,15.125,14.5,NA,0.08846546444368833,11.303846153846154,240.109375
13 Gallon RV Water Tank | RV35W,13 Gallons,18'',12'',19'',N/A,RV35W,$292.95,292.95,13,18,12,19,NA,0.044376173408431474,22.534615384615385,216
14 Gallon Water or Waste Holding Tank | TRI-WH-2014-1,14 Gallons,20'',14'',11.75'',N/A,TRI-WH-2014-1,$229.99,229.99,14,20,14,11.75,NA,0.06087221183529718,16.427857142857142,280
14 Gallon Water or Waste Holding Tank | TRI-WH-2014,14 Gallons,24'',14'',10'',N/A,TRI-WH-2014,$229.99,229.99,14,24,14,10,NA,0.06087221183529718,16.427857142857142,336
14 Gallon RV Water Tank | RVWB534,14 Gallons,16.875'',15.75'',14'',N/A,RVWB534,$168.95,168.95,14,16.875,15.75,14,NA,0.08286475288546907,12.067857142857141,265.78125
14 Gallon RV Water Tank | RVWB274,14 Gallons,15.625'',15.625'',15.125'',N/A,RVWB274,$146.95,146.95,14,15.625,15.625,15.125,NA,0.09527050017012591,10.49642857142857,244.140625
14 Gallon RV Water Tank | RVWB265,14 Gallons,17.5'',14.5'',14.25'',N/A,RVWB265,$134.95,134.95,14,17.5,14.5,14.25,NA,0.10374212671359764,9.639285714285714,253.75
14 Gallon RV Water Tank | RVWB245,14 Gallons,24.5'',16.5'',9.125'',N/A,RVWB245,$146.95,146.95,14,24.5,16.5,9.125,NA,0.09527050017012591,10.49642857142857,404.25
14 Gallon RV Water Tank | RV37W,14 Gallons,29.75'',16'',7.5'',N/A,RV37W,$224.95,224.95,14,29.75,16,7.5,NA,0.06223605245610136,16.067857142857143,476
14 Gallon RV Water Tank | RV3W,14 Gallons,29.75'',13.875'',8.125'',N/A,RV3W,$168.95,168.95,14,29.75,13.875,8.125,NA,0.08286475288546907,12.067857142857141,412.78125
15 Gallon Water or Waste Holding Tank | TRI-WH-2015,15 Gallons,19'',18'',9.75'',N/A,TRI-WH-2015,$232.99,232.99,15,19,18,9.75,NA,0.06438044551268295,15.532666666666668,342
15 Gallon RV Water Tank | RVWB492,15 Gallons,Request Drawing,Odd Shape,Call 800 211-7998,N/A,RVWB492,$146.95,146.95,15,NA,NA,NA,NA,0.10207553589656347,9.796666666666665,NA
15 Gallon RV Water Tank | RVWB388,15 Gallons,24'',18.5'',8.5'',N/A,RVWB388,$146.95,146.95,15,24,18.5,8.5,NA,0.10207553589656347,9.796666666666665,444
15 Gallon RV Water Tank | RVWB320,15 Gallons,17.5'',16.75'',13.75'',N/A,RVWB320,$146.95,146.95,15,17.5,16.75,13.75,NA,0.10207553589656347,9.796666666666665,293.125
15 Gallon RV Water Tank | RVWB264,15 Gallons,22'',17'',9.875'',N/A,RVWB264,$134.95,134.95,15,22,17,9.875,NA,0.11115227862171176,8.996666666666666,374
15 Gallon RV Water Tank | RVWB251,15 Gallons,27.5'',14.75'',9.5'',N/A,RVWB251,$190.95,190.95,15,27.5,14.75,9.5,NA,0.07855459544383347,12.729999999999999,405.625
15 Gallon RV Water Tank | RVWB175,15 Gallons,20'',13'',13'',N/A,RVWB175,$134.95,134.95,15,20,13,13,NA,0.11115227862171176,8.996666666666666,260
15 Gallon RV Water Tank | RVWB131,15 Gallons,20'',15'',12'',N/A,RVWB131,$146.95,146.95,15,20,15,12,NA,0.10207553589656347,9.796666666666665,300
15 Gallon RV Water Tank | RV11W,15 Gallons,21'',13'',13'',N/A,RV11W,$156.95,156.95,15,21,13,13,NA,0.09557183816502071,10.463333333333333,273
16 Gallon RV Water Tank | RVWB526,16 Gallons,26'',14'',11'',N/A,RVWB526,$156.95,156.95,16,26,14,11,NA,0.10194329404268876,9.809375,364
16 Gallon RV Water Tank | RVWB500,16 Gallons,Request Drawing,Odd Shape,Call 800 211-7998,N/A,RVWB500,$156.95,156.95,16,NA,NA,NA,NA,0.10194329404268876,9.809375,NA
16 Gallon RV Water Tank | RVWB106,16 Gallons,16'',16'',16'',N/A,RVWB106,$134.95,134.95,16,16,16,16,NA,0.11856243052982587,8.434375,256
17 Gallon RV Water Tank | RVWB359,17 Gallons,19.75'',15.75'',14'',N/A,RVWB359,$168.95,168.95,17,19.75,15.75,14,NA,0.10062148564664103,9.938235294117646,311.0625
17 Gallon RV Water Tank | RVWB123,17 Gallons,Request Drawing,Odd Shape,Call 800 211-7998,N/A,RVWB123,$168.95,168.95,17,NA,NA,NA,NA,0.10062148564664103,9.938235294117646,NA
17 Gallon RV Water Tank | RV36W,17 Gallons,23'',21'',9'',N/A,RV36W,$246.95,246.95,17,23,21,9,NA,0.0688398461226969,14.526470588235293,483
13 Gallon RV Water Tank | RV29W,13 Gallons,39'',13.75'',12'',N/A,RV29W,$202.95,202.95,13,39,13.75,12,NA,0.06405518600640553,15.61153846153846,536.25
18 Gallon RV Water Tank | RVWB527,18 Gallons,34.375'',14.625'',9.5'',N/A,RVWB527,$202.95,202.95,18,34.375,14.625,9.5,NA,0.08869179600886919,11.274999999999999,502.734375
18 Gallon RV Water Tank | RVWB369,18 Gallons,47.5'',11.375'',8.5'',N/A,RVWB369,$224.95,224.95,18,47.5,11.375,8.5,NA,0.08001778172927318,12.497222222222222,540.3125
18 Gallon RV Water Tank | RVWB366,18 Gallons,22'',17'',12'',N/A,RVWB366,$156.95,156.95,18,22,17,12,NA,0.11468620579802485,8.719444444444443,374
18 Gallon RV Water Tank | RVWB352,18 Gallons,26.5'',19.25'',12'',N/A,RVWB352,$168.95,168.95,18,26.5,19.25,12,NA,0.10654039656703167,9.386111111111111,510.125
18 Gallon RV Water Tank | RVWB235,18 Gallons,40'',18'',6'',N/A,RVWB235,$168.95,168.95,18,40,18,6,NA,0.10654039656703167,9.386111111111111,720
18 Gallon RV Water Tank | RVWB232,18 Gallons,48.5'',10.75'',8'',N/A,RVWB232,$213.95,213.95,18,48.5,10.75,8,NA,0.08413180649684507,11.886111111111111,521.375
18 Gallon RV Water Tank | RVWB211,18 Gallons,25'',25'',7.75'',N/A,RVWB211,$168.95,168.95,18,25,25,7.75,NA,0.10654039656703167,9.386111111111111,625
18 Gallon RV Water Tank | RVWB159,18 Gallons,20'',17'',13'',N/A,RVWB159,$146.95,146.95,18,20,17,13,NA,0.12249064307587616,8.163888888888888,340
18 Gallon RV Water Tank | RVWB104,18 Gallons,33'',13'',12.75'',N/A,RVWB104,$180.95,180.95,18,33,13,12.75,NA,0.09947499309201438,10.052777777777777,429
19 Gallon RV Water Tank | RVWB549,19 Gallons,27'',15.25'',12'',N/A,RVWB549,$168.95,168.95,19,27,15.25,12,NA,0.11245930748742232,8.892105263157895,411.75
19 Gallon RV Water Tank | RVWB480,19 Gallons,29'',23'',8'',N/A,RVWB480,$202.95,202.95,19,29,23,8,NA,0.09361911800936192,10.68157894736842,667
19 Gallon RV Water Tank | RV73W,19 Gallons,Request Drawing,Odd Shape,Call 800 211-7998,N/A,RV73W,$202.95,202.95,19,NA,NA,NA,NA,0.09361911800936192,10.68157894736842,NA
19 Gallon RV Water Tank | RV27W,19 Gallons,32'',12'',12'',N/A,RV27W,$258.95,258.95,19,32,12,12,NA,0.07337323807684881,13.628947368421052,384
19 Gallon RV Water Tank | RV20W,19 Gallons,38'',15.5'',8.125'',N/A,RV20W,$224.95,224.95,19,38,15.5,8.125,NA,0.08446321404756613,11.839473684210526,589
20 Gallon Water or Waste Holding Tank | TRI-WH-2020-2,20 Gallons,28.25'',14.25'',11.5'',N/A,TRI-WH-2020-2,$298.99,298.99,20,28.25,14.25,11.5,NA,0.0668918692932874,14.9495,402.5625
20 Gallon Water or Waste Holding Tank | TRI-WH-2020-1,20 Gallons,21'',17'',14'',N/A,TRI-WH-2020-1,$297.99,297.99,20,21,17,14,NA,0.06711634618611363,14.8995,357
20 Gallon Water or Waste Holding Tank | TRI-WH-2020,20 Gallons,24'',16'',12'',N/A,TRI-WH-2020,$298.99,298.99,20,24,16,12,NA,0.0668918692932874,14.9495,384
20 Gallon RV Water Tank | RVWB556,20 Gallons,26'',25'',8'',N/A,RVWB556,$218.95,218.95,20,26,25,8,NA,0.09134505594884677,10.9475,650
20 Gallon RV Water Tank | RVWB234,20 Gallons,33.25'',17.125'',8.75'',N/A,RVWB234,$200.95,200.95,20,33.25,17.125,8.75,NA,0.09952724558347849,10.0475,569.40625
20 Gallon RV Water Tank | RVWB257,20 Gallons,18.5'',18'',16'',N/A,RVWB257,$200.95,200.95,20,18.5,18,16,NA,0.09952724558347849,10.0475,333
20 Gallon RV Water Tank | RVWB233,20 Gallons,21'',21'',11.25'',N/A,RVWB233,$200.95,200.95,20,21,21,11.25,NA,0.09952724558347849,10.0475,441
20 Gallon RV Water Tank | RVWB231,20 Gallons,28.25'',14.5'',11.5'',N/A,RVWB231,$185.95,185.95,20,28.25,14.5,11.5,NA,0.10755579456843238,9.2975,409.625
20 Gallon RV Water Tank | RVWB227,20 Gallons,20.75'',17.75'',13.75'',N/A,RVWB227,$190.95,190.95,20,20.75,17.75,13.75,NA,0.10473946059177795,9.5475,368.3125
20 Gallon RV Water Tank | RVWB213,20 Gallons,28'',16.125'',12.25'',N/A,RVWB213,$190.95,190.95,20,28,16.125,12.25,NA,0.10473946059177795,9.5475,451.5
20 Gallon RV Water Tank | RVWB200,20 Gallons,24'',17'',12'',N/A,RVWB200,$190.95,190.95,20,24,17,12,NA,0.10473946059177795,9.5475,408
20 Gallon RV Water Tank | RVWB181,20 Gallons,30'',18'',10.5'',N/A,RVWB181,$207.95,207.95,20,30,18,10.5,NA,0.09617696561673479,10.397499999999999,540
20 Gallon RV Water Tank | RVWB164,20 Gallons,Request Drawing,Odd Shape,Call 800 211-7998,N/A,RVWB164,$190.95,190.95,20,NA,NA,NA,NA,0.10473946059177795,9.5475,NA
20 Gallon RV Water Tank | RVWB146,20 Gallons,Request Drawing,Odd Shape,Call 800 211-7998,N/A,RVWB146,$190.95,190.95,20,NA,NA,NA,NA,0.10473946059177795,9.5475,NA
20 Gallon RV Water Tank | RVWB137,20 Gallons,29.5'',13.25'',14'',N/A,RVWB137,$180.95,180.95,20,29.5,13.25,14,NA,0.11052777010223819,9.0475,390.875
20 Gallon RV Water Tank | RV72W,20 Gallons,35'',19'',7.75'',N/A,RV72W,$202.95,202.95,20,35,19,7.75,NA,0.09854644000985464,10.147499999999999,665
20 Gallon RV Water Tank | RV57W,20 Gallons,32'',16.5'',10'',N/A,RV57W,$202.95,202.95,20,32,16.5,10,NA,0.09854644000985464,10.147499999999999,528
20 Gallon RV Water Tank | RV39W,20 Gallons,35'',13'',11'',N/A,RV39W,$224.95,224.95,20,35,13,11,NA,0.08890864636585909,11.247499999999999,455
20 Gallon RV Water Tank | RV30W,20 Gallons,24'',19'',11.5'',N/A,RV30W,$202.95,202.95,20,24,19,11.5,NA,0.09854644000985464,10.147499999999999,456
21 Gallon RV Water Tank | RVWB355,21 Gallons,53.5'',16.75'',6'',N/A,RVWB355,$213.95,213.95,21,53.5,16.75,6,NA,0.09815377424631924,10.188095238095238,896.125
21 Gallon RV Water Tank | RVWB281,21 Gallons,19.875'',16.875'',16.375'',N/A,RVWB281,$180.95,180.95,21,19.875,16.875,16.375,NA,0.1160541586073501,8.616666666666665,335.390625
22 Gallon RV Water Tank | RVWB430,22 Gallons,45.5'',11.5'',11.5'',N/A,RVWB430,$202.95,202.95,22,45.5,11.5,11.5,NA,0.10840108401084012,9.225,523.25
22 Gallon RV Water Tank | RVWB276,22 Gallons,23'',16.875'',14.75'',N/A,RVWB276,$190.95,190.95,22,23,16.875,14.75,NA,0.11521340665095575,8.679545454545455,388.125
22 Gallon RV Water Tank | RVWB128,22 Gallons,34'',12'',12'',N/A,RVWB128,$198.95,198.95,22,34,12,12,NA,0.11058054787635085,9.043181818181818,408
23 Gallon RV Water Tank | RVWB450,23 Gallons,44.5'',12.5'',11.5'',N/A,RVWB450,$202.95,202.95,23,44.5,12.5,11.5,NA,0.11332840601133284,8.82391304347826,556.25
23 Gallon RV Water Tank | RVWB378,23 Gallons,40'',18'',8'',N/A,RVWB378,$236.95,236.95,23,40,18,8,NA,0.09706689174931421,10.302173913043477,720
24 Gallon RV Water Tank | RVWB562,24 Gallons,Request Drawing,Odd Shape,Call 800 211-7998,N/A,RVWB562,$303.95,303.95,24,NA,NA,NA,NA,0.07896035532159895,12.664583333333333,NA
24 Gallon RV Water Tank | RVWB542,24 Gallons,21.25'',21.25'',13.5'',N/A,RVWB542,$202.95,202.95,24,21.25,21.25,13.5,NA,0.11825572801182557,8.456249999999999,451.5625
24 Gallon RV Water Tank | RVWB446,24 Gallons,44'',26'',6'',N/A,RVWB446,$236.95,236.95,24,44,26,6,NA,0.10128719139058874,9.872916666666667,1144
25 Gallon Water or Waste Holding Tank | TRI-WH-2025-2,25 Gallons,60'',11'',9'',N/A,TRI-WH-2025-2,$359.99,359.99,25,60,11,9,NA,0.06944637351037529,14.3996,660
25 Gallon Water or Waste Holding Tank | TRI-WH-2025,25 Gallons,28.25'',16'',13'',N/A,TRI-WH-2025,$299.99,299.99,25,28.25,16,13,NA,0.08333611120370679,11.999600000000001,452
25 Gallon RV Water Tank | RVWB546,25 Gallons,62'',14'',7.5'',N/A,RVWB546,$325.95,325.95,25,62,14,7.5,NA,0.07669888019634914,13.038,868
25 Gallon RV Water Tank | RVWB425,25 Gallons,36'',32'',6'',N/A,RVWB425,$236.95,236.95,25,36,32,6,NA,0.10550749103186327,9.478,1152
25 Gallon RV Water Tank | RVWB408,25 Gallons,32'',22'',10'',N/A,RVWB408,$224.95,224.95,25,32,22,10,NA,0.11113580795732386,8.998,704
25 Gallon RV Water Tank | RVWB250,25 Gallons,23.5'',23'',12'',N/A,RVWB250,$202.95,202.95,25,23.5,23,12,NA,0.12318305001231832,8.118,540.5
25 Gallon RV Water Tank | RVWB225,25 Gallons,22.5'',22.5'',12'',N/A,RVWB225,$202.95,202.95,25,22.5,22.5,12,NA,0.12318305001231832,8.118,506.25
25 Gallon RV Water Tank | RVWB163,25 Gallons,30'',20'',10'',N/A,RVWB163,$202.95,202.95,25,30,20,10,NA,0.12318305001231832,8.118,600
25 Gallon RV Water Tank | RV49W,25 Gallons,Request Drawing,Odd Shape,Call 800 211-7998,N/A,RV49W,$224.95,224.95,25,NA,NA,NA,NA,0.11113580795732386,8.998,NA
26 Gallon RV Water Tank | RVWB515,26 Gallons,74'',10'',9'',N/A,RVWB515,$258.95,258.95,26,74,10,9,NA,0.10040548368410891,9.959615384615384,740
26 Gallon RV Water Tank | RVWB406,26 Gallons,60'',21'',6'',N/A,RVWB406,$258.95,258.95,26,60,21,6,NA,0.10040548368410891,9.959615384615384,1260
26 Gallon RV Water Tank | RV71W,26 Gallons,38'',20'',9'',N/A,RV71W,$246.95,246.95,26,38,20,9,NA,0.10528447054059527,9.498076923076923,760
26 Gallon RV Water Tank | RV50W,26 Gallons,50'',16'',8'',N/A,RV50W,$246.95,246.95,26,50,16,8,NA,0.10528447054059527,9.498076923076923,800
28 Gallon RV Water Tank | RVWB437,28 Gallons,36'',18'',12'',N/A,RVWB437,$224.95,224.95,28,36,18,12,NA,0.12447210491220272,8.033928571428572,648
28 Gallon RV Water Tank | RVWB273,28 Gallons,20.75'',19.25'',17.625'',N/A,RVWB273,$202.95,202.95,28,20.75,19.25,17.625,NA,0.13796501601379652,7.248214285714285,399.4375
28 Gallon RV Water Tank | RVWB239,28 Gallons,48'',14'',10'',N/A,RVWB239,$280.95,280.95,28,48,14,10,NA,0.0996618615411995,10.033928571428572,672
28 Gallon RV Water Tank | RVWB161,28 Gallons,35.5'',15'',13'',N/A,RVWB161,$202.95,202.95,28,35.5,15,13,NA,0.13796501601379652,7.248214285714285,532.5
30 Gallon Water or Waste Holding Tank | TRI-WH-2030-5,30 Gallons,36'',15'',14.5'',N/A,TRI-WH-2030-5,$369.99,369.99,30,36,15,14.5,NA,0.08108327252087894,12.333,540
30 Gallon Water or Waste Holding Tank | TRI-WH-2030-4,30 Gallons,46'',13'',12'',N/A,TRI-WH-2030-4,$369.99,369.99,30,46,13,12,NA,0.08108327252087894,12.333,598
30 Gallon Water or Waste Holding Tank | TRI-WH-2030-3,30 Gallons,42'',26'',7'',N/A,TRI-WH-2030-3,$369.99,369.99,30,42,26,7,NA,0.08108327252087894,12.333,1092
30 Gallon Water or Waste Holding Tank | TRI-WH-2030,30 Gallons,50'',20'',7'',N/A,TRI-WH-2030,$369.99,369.99,30,50,20,7,NA,0.08108327252087894,12.333,1000
30 Gallon RV Water Tank | RVWB424,30 Gallons,40'',20'',10'',N/A,RVWB424,$240.95,240.95,30,40,20,10,NA,0.1245071591616518,8.031666666666666,800
30 Gallon RV Water Tank | RVWB350,30 Gallons,33'',20.5'',11'',N/A,RVWB350,$240.95,240.95,30,33,20.5,11,NA,0.1245071591616518,8.031666666666666,676.5
30 Gallon RV Water Tank | RVWB162,30 Gallons,30'',24'',10'',N/A,RVWB162,$220.95,220.95,30,30,24,10,NA,0.13577732518669383,7.364999999999999,720
30 Gallon RV Water Tank | RVWB157,30 Gallons,30'',20'',12'',N/A,RVWB157,$220.95,220.95,30,30,20,12,NA,0.13577732518669383,7.364999999999999,600
30 Gallon RV Water Tank | RVWB140,30 Gallons,39'',15'',12.5'',N/A,RVWB140,$220.95,220.95,30,39,15,12.5,NA,0.13577732518669383,7.364999999999999,585
30 Gallon RV Water Tank | RVWB126,30 Gallons,38'',26'',13'',N/A,RVWB126,$325.95,325.95,30,38,26,13,NA,0.09203865623561897,10.865,988
30 Gallon RV Water Tank | RVWB118,30 Gallons,24'',20'',16'',N/A,RVWB118,$220.95,220.95,30,24,20,16,NA,0.13577732518669383,7.364999999999999,480
30 Gallon RV Water Tank | RVWB112,30 Gallons,Request Drawing,Odd Shape,Call 800 211-7998,N/A,RVWB112,$202.95,202.95,30,NA,NA,NA,NA,0.14781966001478197,6.765,NA
30 Gallon RV Water Tank | RV24W,30 Gallons,43'',16'',10.5'',N/A,RV24W,$292.95,292.95,30,43,16,10.5,NA,0.10240655401945725,9.764999999999999,688
31 Gallon Water or Waste Holding Tank | TRI-WH-2031-1,31 Gallons,33'',20'',11.5'',N/A,TRI-WH-2031-1,$369.99,369.99,31,33,20,11.5,NA,0.0837860482715749,11.935161290322581,660
31 Gallon Water or Waste Holding Tank | TRI-WH-2031,31 Gallons,30'',20'',12'',N/A,TRI-WH-2031,$369.99,369.99,31,30,20,12,NA,0.0837860482715749,11.935161290322581,600
32 Gallon RV Water Tank | RVWB449,32 Gallons,44.5'',15.5'',12.5'',N/A,RVWB449,$236.95,236.95,32,44.5,15.5,12.5,NA,0.13504958852078497,7.4046875,689.75
32 Gallon RV Water Tank | RVWB316,32 Gallons,69'',11'',11'',N/A,RVWB316,$348.95,348.95,32,69,11,11,NA,0.09170368247599943,10.9046875,759
32 Gallon RV Water Tank | RVWB127,32 Gallons,30'',16.5'',16'',N/A,RVWB127,$202.95,202.95,32,30,16.5,16,NA,0.15767430401576743,6.3421875,495
32 Gallon RV Water Tank | RV69W,32 Gallons,48'',20'',8'',N/A,RV69W,$314.95,314.95,32,48,20,8,NA,0.10160342911573265,9.8421875,960
32 Gallon RV Water Tank | RV52W,32 Gallons,60'',16'',8'',N/A,RV52W,$314.95,314.95,32,60,16,8,NA,0.10160342911573265,9.8421875,960
32 Gallon RV Water Tank | RV26W,32 Gallons,31'',23'',11.5'',N/A,RV26W,$337.95,337.95,32,31,23,11.5,NA,0.09468856339695221,10.5609375,713
34 Gallon Water or Waste Holding Tank | TRI-WH-2034,34 Gallons,23'',20'',17'',N/A,TRI-WH-2034,$375.99,375.99,34,23,20,17,NA,0.09042793691321578,11.058529411764706,460
34 Gallon RV Water Tank | RVWB538,34 Gallons,26'',22'',20'',N/A,RVWB538,$314.95,314.95,34,26,22,20,NA,0.10795364343546596,9.263235294117647,572
34 Gallon RV Water Tank | RVWB529,34 Gallons,44'',25'',8'',N/A,RVWB529,$314.95,314.95,34,44,25,8,NA,0.10795364343546596,9.263235294117647,1100
34 Gallon RV Water Tank | RVWB381,34 Gallons,34'',26'',9.5'',N/A,RVWB381,$224.95,224.95,34,34,26,9.5,NA,0.15114469882196044,6.616176470588235,884
35 Gallon Water or Waste Holding Tank | TRI-WH-2035-1,35 Gallons,48.75'',23'',8.5'',N/A,TRI-WH-2035-1,$377.99,377.99,35,48.75,23,8.5,NA,0.09259504219688351,10.799714285714286,1121.25
35 Gallon RV Water Tank | RVWB147,35 Gallons,48'',17'',10'',N/A,RVWB147,$269.95,269.95,35,48,17,10,NA,0.12965363956288203,7.712857142857143,816
35 Gallon RV Water Tank | RV45W,35 Gallons,Request Drawing,Odd Shape,Call 800 211-7998,N/A,RV45W,$415.95,415.95,35,NA,NA,NA,NA,0.08414472893376608,11.884285714285713,NA
35 Gallon RV Water Tank | RV34W,35 Gallons,33.5'',19'',16'',N/A,RV34W,$370.95,370.95,35,33.5,19,16,NA,0.09435233859010649,10.598571428571429,636.5
36 Gallon Water or Waste Holding Tank | TRI-WH-2036,36 Gallons,47'',15'',13'',N/A,TRI-WH-2036,$339.99,339.99,36,47,15,13,NA,0.10588546721962411,9.444166666666668,705
36 Gallon RV Water Tank | RVWB428,36 Gallons,46'',36'',6'',N/A,RVWB428,$325.95,325.95,36,46,36,6,NA,0.11044638748274276,9.054166666666667,1656
36 Gallon RV Water Tank | RVWB383,36 Gallons,32'',32'',9.25'',N/A,RVWB383,$280.95,280.95,36,32,32,9.25,NA,0.12813667912439936,7.804166666666666,1024
36 Gallon RV Water Tank | RVWB254,36 Gallons,28.375'',17.875'',17.75'',N/A,RVWB254,$246.95,246.95,36,28.375,17.875,17.75,NA,0.14577849767159345,6.859722222222222,507.203125
36 Gallon RV Water Tank | RVWB158,36 Gallons,30.5'',21.5'',13.75'',N/A,RVWB158,$246.95,246.95,36,30.5,21.5,13.75,NA,0.14577849767159345,6.859722222222222,655.75
36 Gallon RV Water Tank | RV38W,36 Gallons,45'',18.5'',11.25'',N/A,RV38W,$359.95,359.95,36,45,18.5,11.25,NA,0.1000138908181692,9.99861111111111,832.5
36 Gallon RV Water Tank | RV7W,36 Gallons,30'',22'',14'',N/A,RV7W,$311.95,311.95,36,30,22,14,NA,0.1154031094726719,8.665277777777778,660
36 Gallon RV Water Tank | RV6W,36 Gallons,48.375'',14.375'',13.25'',N/A,RV6W,$314.95,314.95,36,48.375,14.375,13.25,NA,0.11430385775519925,8.74861111111111,695.390625
37 Gallon Water or Waste Holding Tank | TRI-WH-2037-2,37 Gallons,63'',16'',9'',N/A,TRI-WH-2037-2,$419.99,419.99,37,63,16,9,NA,0.08809733565084883,11.351081081081082,1008
37 Gallon Water or Waste Holding Tank | TRI-WH-2037-1,37 Gallons,51.25'',20.5'',9.125'',N/A,TRI-WH-2037-1,$419.99,419.99,37,51.25,20.5,9.125,NA,0.08809733565084883,11.351081081081082,1050.625
37 Gallon Water or Waste Holding Tank | TRI-WH-2037,37 Gallons,38'',19'',12'',N/A,TRI-WH-2037,$419.99,419.99,37,38,19,12,NA,0.08809733565084883,11.351081081081082,722
38 Gallon RV Water Tank | RVWB346,38 Gallons,37'',28'',9'',N/A,RVWB346,$280.95,280.95,38,37,28,9,NA,0.13525538352019933,7.393421052631578,1036
38 Gallon RV Water Tank | RV53W,38 Gallons,70'',16'',8'',N/A,RV53W,$337.95,337.95,38,70,16,8,NA,0.11244266903388075,8.89342105263158,1120
39 Gallon Water or Waste Holding Tank | TRI-WH-2039,39 Gallons,30'',21.75'',13.75'',N/A,TRI-WH-2039,$422.99,422.99,39,30,21.75,13.75,NA,0.0922007612473108,10.845897435897436,652.5
40 Gallon RV Water Tank | RVWB432,40 Gallons,28'',23'',16'',N/A,RVWB432,$243.95,243.95,40,28,23,16,NA,0.1639680262348842,6.09875,644
40 Gallon Water or Waste Holding Tank | TRI-WH-2040-5,40 Gallons,32'',24'',14'',N/A,TRI-WH-2040-5,$409.99,409.99,40,32,24,14,NA,0.09756335520378545,10.24975,768
40 Gallon Water or Waste Holding Tank | TRI-WH-2040-4,40 Gallons,45'',19.75'',11.75'',N/A,TRI-WH-2040-4,$409.99,409.99,40,45,19.75,11.75,NA,0.09756335520378545,10.24975,888.75
40 Gallon Water or Waste Holding Tank | TRI-WH-2040-3,40 Gallons,25'',22'',18'',N/A,TRI-WH-2040-3,$409.99,409.99,40,25,22,18,NA,0.09756335520378545,10.24975,550
40 Gallon Water or Waste Holding Tank | TRI-WH-2040-2,40 Gallons,26'',24'',15'',N/A,TRI-WH-2040-2,$409.99,409.99,40,26,24,15,NA,0.09756335520378545,10.24975,624
40 Gallon Water or Waste Holding Tank | TRI-WH-2040,40 Gallons,40'',19.75'',12.75'',N/A,TRI-WH-2040,$409.99,409.99,40,40,19.75,12.75,NA,0.09756335520378545,10.24975,790
40 Gallon RV Water Tank | RVWB309,40 Gallons,39'',18'',14'',N/A,RVWB309,$381.95,381.95,40,39,18,14,NA,0.10472574944364446,9.54875,702
40 Gallon RV Water Tank | RVWB305,40 Gallons,54'',20'',9'',N/A,RVWB305,$381.95,381.95,40,54,20,9,NA,0.10472574944364446,9.54875,1080
40 Gallon RV Water Tank | RVWB256,40 Gallons,29.875'',20.875'',16.625'',N/A,RVWB256,$280.95,280.95,40,29.875,20.875,16.625,NA,0.1423740879159993,7.02375,623.640625
40 Gallon RV Water Tank | RVWB252,40 Gallons,26.5'',21.25'',18'',N/A,RVWB252,$236.95,236.95,40,26.5,21.25,18,NA,0.16881198565098124,5.92375,563.125
40 Gallon RV Water Tank | RVWB222,40 Gallons,42'',26.75'',9.5'',N/A,RVWB222,$303.95,303.95,40,42,26.75,9.5,NA,0.13160059220266493,7.59875,1123.5
40 Gallon RV Water Tank | RVWB221,40 Gallons,23.5'',23'',18'',N/A,RVWB221,$224.95,224.95,40,23.5,23,18,NA,0.17781729273171817,5.623749999999999,540.5
40 Gallon RV Water Tank | RV17W,40 Gallons,40.5'',24'',10'',N/A,RV17W,$314.95,314.95,40,40.5,24,10,NA,0.12700428639466582,7.873749999999999,972
40 Gallon RV Water Tank | RV10W,40 Gallons,Request Drawing,Odd Shape,Call 800 211-7998,N/A,RV10W,$337.95,337.95,40,NA,NA,NA,NA,0.11836070424619027,8.44875,NA
41 Gallon Water or Waste Holding Tank | TRI-WH-2041-2,41 Gallons,27'',20'',17'',N/A,TRI-WH-2041-2,$419.99,419.99,41,27,20,17,NA,0.09762137193742708,10.243658536585366,540
42 Gallon RV Water Tank | RVWB443,42 Gallons,24'',24'',19'',N/A,RVWB443,$258.95,258.95,42,24,24,19,NA,0.16219347364356054,6.16547619047619,576
42 Gallon RV Water Tank | RVWB380,42 Gallons,40'',26.75'',10'',N/A,RVWB380,$314.95,314.95,42,40,26.75,10,NA,0.1333545007143991,7.498809523809523,1070
42 Gallon RV Water Tank | RVWB237,42 Gallons,36'',25'',12'',N/A,RVWB237,$233.95,233.95,42,36,25,12,NA,0.17952553964522336,5.5702380952380945,900
43 Gallon RV Water Tank | RV19W,43 Gallons,53'',20'',13.5'',N/A,RV19W,$461.95,461.95,43,53,20,13.5,NA,0.09308366706353502,10.743023255813954,1060
43 Gallon RV Water Tank | RV12W,43 Gallons,Request Drawing,Odd Shape,Call 800 211-7998,N/A,RV12W,$461.95,461.95,43,NA,NA,NA,NA,0.09308366706353502,10.743023255813954,NA
45 Gallon Water or Waste Holding Tank | TRI-WH-2045-2,45 Gallons,39'',19.5'',14'',N/A,TRI-WH-2045-2,$419.99,419.99,45,39,19.5,14,NA,0.10714540822400533,9.333111111111112,760.5
45 Gallon Water or Waste Holding Tank | TRI-WH-2045-1,45 Gallons,32'',22'',16'',N/A,TRI-WH-2045-1,$419.99,419.99,45,32,22,16,NA,0.10714540822400533,9.333111111111112,704
45 Gallon Water or Waste Holding Tank | TRI-WH-2045,45 Gallons,27'',20'',20'',N/A,TRI-WH-2045,$419.99,419.99,45,27,20,20,NA,0.10714540822400533,9.333111111111112,540
45 Gallon RV Water Tank | RVWB386,45 Gallons,36'',33'',10'',N/A,RVWB386,$314.95,314.95,45,36,33,10,NA,0.14287982219399906,6.998888888888889,1188
45 Gallon RV Water Tank | RVWB379,45 Gallons,38'',22'',14'',N/A,RVWB379,$393.95,393.95,45,38,22,14,NA,0.11422769386978043,8.754444444444443,836
45 Gallon RV Water Tank | RVWB376,45 Gallons,38'',22'',14'',N/A,RVWB376,$258.95,258.95,45,38,22,14,NA,0.1737787217609577,5.754444444444444,836
45 Gallon RV Water Tank | RVWB370,45 Gallons,47.5'',17.375'',14.25'',N/A,RVWB370,$303.95,303.95,45,47.5,17.375,14.25,NA,0.14805066622799803,6.754444444444444,825.3125
45 Gallon RV Water Tank | RVWB318,45 Gallons,40'',19'',15.625'',N/A,RVWB318,$348.95,348.95,45,40,19,15.625,NA,0.1289583034818742,7.754444444444444,760
45 Gallon RV Water Tank | RVWB310,45 Gallons,78'',18'',8.5'',N/A,RVWB310,$381.95,381.95,45,78,18,8.5,NA,0.11781646812410002,8.487777777777778,1404
45 Gallon RV Water Tank | RVWB216,45 Gallons,78'',16'',12.75'',N/A,RVWB216,$449.95,449.95,45,78,16,12.75,NA,0.10001111234581621,9.998888888888889,1248
45 Gallon RV Water Tank | RV58W,45 Gallons,Request Drawing,Odd Shape,Call 800 211-7998,N/A,RV58W,$539.95,539.95,45,NA,NA,NA,NA,0.08334105009723122,11.99888888888889,NA
45 Gallon RV Water Tank | RV51W,45 Gallons,Request Drawing,Odd Shape,Call 800 211-7998,N/A,RV51W,$617.95,617.95,45,NA,NA,NA,NA,0.07282142568168945,13.732222222222223,NA
45 Gallon RV Water Tank | RV47W,45 Gallons,36'',23'',13'',N/A,RV47W,$359.95,359.95,45,36,23,13,NA,0.1250173635227115,7.998888888888889,828
45 Gallon RV Water Tank | RV46W,45 Gallons,Request Drawing,Odd Shape,Call 800 211-7998,N/A,RV46W,$539.95,539.95,45,NA,NA,NA,NA,0.08334105009723122,11.99888888888889,NA
45 Gallon RV Water Tank | RV5W,45 Gallons,57.5'',23'',12.75'',N/A,RV5W,$348.95,348.95,45,57.5,23,12.75,NA,0.1289583034818742,7.754444444444444,1322.5
46 Gallon Water or Waste Holding Tank | TRI-WH-2046,46 Gallons,45'',25'',10.75'',N/A,TRI-WH-2046,$425.99,425.99,46,45,25,10.75,NA,0.107983755487218,9.260652173913044,1125
46 Gallon RV Water Tank | RVWB544,46 Gallons,"35.125""","21.5""",19'',N/A,RVWB544,$414.95,414.95,46,NA,NA,19,NA,0.11085672972647308,9.020652173913044,NA
46 Gallon RV Water Tank | RV33W,46 Gallons,40.5'',25.25'',12'',N/A,RV33W,$314.95,314.95,46,40.5,25.25,12,NA,0.1460549293538657,6.846739130434782,1022.625
46 Gallon RV Water Tank | RV22W,46 Gallons,36'',22'',14'',N/A,RV22W,$415.95,415.95,46,36,22,14,NA,0.11059021517009256,9.042391304347825,792
47 Gallon Water or Waste Holding Tank | TRI-WH-2047,47 Gallons,61'',18'',10'',N/A,TRI-WH-2047,$444.99,444.99,47,61,18,10,NA,0.10562035101912402,9.467872340425533,1098
47 Gallon RV Water Tank | RVWB507,47 Gallons,33.25'',24.5'',15'',N/A,RVWB507,$292.95,292.95,47,33.25,24.5,15,NA,0.16043693463048303,6.232978723404255,814.625
48 Gallon RV Water Tank | RVWB491,48 Gallons,39'',27.5'',11.75'',N/A,RVWB491,$380.95,380.95,48,39,27.5,11.75,NA,0.1260007875049219,7.936458333333333,1072.5
48 Gallon RV Water Tank | RVWB229,48 Gallons,68.5'',27'',7'',N/A,RVWB229,$380.95,380.95,48,68.5,27,7,NA,0.1260007875049219,7.936458333333333,1849.5
48 Gallon RV Water Tank | RVWB306,48 Gallons,45.5'',24.5'',11'',N/A,RVWB306,$398.95,398.95,48,45.5,24.5,11,NA,0.12031582905125957,8.311458333333333,1114.75
48 Gallon RV Water Tank | RV9W,48 Gallons,48'',20'',12'',N/A,RV9W,$449.95,449.95,48,48,20,12,NA,0.10667851983553728,9.373958333333333,960
50 Gallon Water or Waste Holding Tank | TRI-WH-2050-5,50 Gallons,54.5'',22.5'',10.25'',N/A,TRI-WH-2050-5,$454.99,454.99,50,54.5,22.5,10.25,NA,0.10989252511044198,9.0998,1226.25
50 Gallon Water or Waste Holding Tank | TRI-WH-2050-4,50 Gallons,30'',20'',20'',N/A,TRI-WH-2050-4,$454.99,454.99,50,30,20,20,NA,0.10989252511044198,9.0998,600
50 Gallon Water or Waste Holding Tank | TRI-WH-2050-3,50 Gallons,58'',14.5'',13.5'',N/A,TRI-WH-2050-3,$454.99,454.99,50,58,14.5,13.5,NA,0.10989252511044198,9.0998,841
50 Gallon Water or Waste Holding Tank | TRI-WH-2050-2,50 Gallons,60.5'',18'',11.75'',N/A,TRI-WH-2050-2,$454.99,454.99,50,60.5,18,11.75,NA,0.10989252511044198,9.0998,1089
50 Gallon Water or Waste Holding Tank | TRI-WH-2050-1,50 Gallons,57'',15'',14'',N/A,TRI-WH-2050-1,$454.99,454.99,50,57,15,14,NA,0.10989252511044198,9.0998,855
50 Gallon Water or Waste Holding Tank | TRI-WH-2050,50 Gallons,37'',29'',11.75'',N/A,TRI-WH-2050,$454.99,454.99,50,37,29,11.75,NA,0.10989252511044198,9.0998,1073
50 Gallon RV Water Tank | RVWB465,50 Gallons,59.75'',18.5'',11.75'',N/A,RVWB465,$325.95,325.95,50,59.75,18.5,11.75,NA,0.15339776039269828,6.519,1105.375
50 Gallon RV Water Tank | RVWB416,50 Gallons,50'',16'',16'',N/A,RVWB416,$280.95,280.95,50,50,16,16,NA,0.17796760989499913,5.619,800
50 Gallon RV Water Tank | RVWB308,50 Gallons,64'',22'',9.125'',N/A,RVWB308,$381.95,381.95,50,64,22,9.125,NA,0.13090718680455557,7.638999999999999,1408
50 Gallon RV Water Tank | RVWB210,50 Gallons,33'',27'',14'',N/A,RVWB210,$381.95,381.95,50,33,27,14,NA,0.13090718680455557,7.638999999999999,891
50 Gallon RV Water Tank | RVWB156,50 Gallons,40'',20'',16'',N/A,RVWB156,$337.95,337.95,50,40,20,16,NA,0.14795088030773784,6.7589999999999995,800
51 Gallon Water or Waste Holding Tank | TRI-WH-2051,51 Gallons,33'',24.5'',16'',N/A,TRI-WH-2051,$454.99,454.99,51,33,24.5,16,NA,0.11209037561265082,8.921372549019608,808.5
52 Gallon RV Water Tank | RVWB315,52 Gallons,30.5'',24.375'',17.375'',N/A,RVWB315,$337.95,337.95,52,30.5,24.375,17.375,NA,0.15386891552004736,6.499038461538461,743.4375
52 Gallon RV Water Tank | RVWB295,52 Gallons,28'',23'',21'',N/A,RVWB295,$337.95,337.95,52,28,23,21,NA,0.15386891552004736,6.499038461538461,644
52 Gallon RV Water Tank | RV8W,52 Gallons,60.25'',20.125'',11'',N/A,RV8W,$374.95,374.95,52,60.25,20.125,11,NA,0.13868515802106948,7.210576923076923,1212.53125
53 Gallon RV Water Tank | RVWB545,53 Gallons,30'',22'',20.5'',N/A,RVWB545,$359.95,359.95,53,30,22,20.5,NA,0.14724267259341575,6.791509433962264,660
53 Gallon RV Water Tank | RVWB312,53 Gallons,72'',15'',13'',N/A,RVWB312,$359.95,359.95,53,72,15,13,NA,0.14724267259341575,6.791509433962264,1080
53 Gallon RV Water Tank | RVWB133,53 Gallons,57'',26.5'',9.25'',N/A,RVWB133,$349.95,349.95,53,57,26.5,9.25,NA,0.15145020717245322,6.602830188679245,1510.5
53 Gallon RV Water Tank | RV68W,53 Gallons,Request Drawing,Odd Shape,Call 800 211-7998,N/A,RV68W,$606.95,606.95,53,NA,NA,NA,NA,0.08732185517752697,11.45188679245283,NA
55 Gallon Water or Waste Holding Tank | TRI-WH-2055-1,55 Gallons,46'',28'',11'',N/A,TRI-WH-2055-1,$464.99,464.99,55,46,28,11,NA,0.11828211359384072,8.454363636363636,1288
55 Gallon Water or Waste Holding Tank | TRI-WH-2055,55 Gallons,40'',20'',16'',N/A,TRI-WH-2055,$464.99,464.99,55,40,20,16,NA,0.11828211359384072,8.454363636363636,800
55 Gallon RV Water Tank | RVWB528,55 Gallons,34.375'',28.5'',14.625'',N/A,RVWB528,$370.95,370.95,55,34.375,28.5,14.625,NA,0.14826796064159592,6.744545454545454,979.6875
55 Gallon RV Water Tank | RV59W,55 Gallons,40'',25'',15'',N/A,RV59W,$370.95,370.95,55,40,25,15,NA,0.14826796064159592,6.744545454545454,1000
55 Gallon RV Water Tank | RV48W,55 Gallons,40'',24'',14'',N/A,RV48W,$314.95,314.95,55,40,24,14,NA,0.1746308937926655,5.7263636363636365,960
55 Gallon RV Water Tank | RV32W,55 Gallons,36.75'',26.5'',15.5'',N/A,RV32W,$370.95,370.95,55,36.75,26.5,15.5,NA,0.14826796064159592,6.744545454545454,973.875
55 Gallon RV Water Tank | RV28W,55 Gallons,62'',21.5'',13'',N/A,RV28W,$370.95,370.95,55,62,21.5,13,NA,0.14826796064159592,6.744545454545454,1333
58 Gallon RV Water Tank | RV63W,58 Gallons,42'',23'',15.5'',N/A,RV63W,$393.95,393.95,58,42,23,15.5,NA,0.14722680543216143,6.792241379310345,966
58 Gallon RV Water Tank | RV60W,58 Gallons,44'',22'',15.5'',N/A,RV60W,$393.95,393.95,58,44,22,15.5,NA,0.14722680543216143,6.792241379310345,968
58 Gallon RV Water Tank | RV44W,58 Gallons,34'',34'',13'',N/A,RV44W,$393.95,393.95,58,34,34,13,NA,0.14722680543216143,6.792241379310345,1156
58 Gallon RV Water Tank | RV43W,58 Gallons,58'',20'',13'',N/A,RV43W,$393.95,393.95,58,58,20,13,NA,0.14722680543216143,6.792241379310345,1160
58 Gallon RV Water Tank | RV42W,58 Gallons,46.75'',20.75'',15.5'',N/A,RV42W,$393.95,393.95,58,46.75,20.75,15.5,NA,0.14722680543216143,6.792241379310345,970.0625
60 Gallon Water or Waste Holding Tank | TRI-WH-2060-2,60 Gallons,71'',18'',12'',N/A,TRI-WH-2060-2,$524.99,524.99,60,71,18,12,NA,0.11428789119792758,8.749833333333333,1278
60 Gallon Water or Waste Holding Tank | TRI-WH-2060-1,60 Gallons,54'',24'',12'',N/A,TRI-WH-2060-1,$498.99,498.99,60,54,24,12,NA,0.12024289063909097,8.3165,1296
60 Gallon RV Water Tank | RVWB543,60 Gallons,55'',20'',14'',N/A,RVWB543,$359.95,359.95,60,55,20,14,NA,0.166689818030282,5.9991666666666665,1100
60 Gallon RV Water Tank | RVWB508,60 Gallons,48'',25'',13'',N/A,RVWB508,$359.95,359.95,60,48,25,13,NA,0.166689818030282,5.9991666666666665,1200
60 Gallon RV Water Tank | RVWB242,60 Gallons,32'',23.75'',20.5'',N/A,RVWB242,$505.95,505.95,60,32,23.75,20.5,NA,0.11858879335902757,8.4325,760
60 Gallon RV Water Tank | RV54W,60 Gallons,36.25'',30.25'',14.5'',N/A,RV54W,$415.95,415.95,60,36.25,30.25,14.5,NA,0.144248106743599,6.9325,1096.5625
60 Gallon RV Water Tank | RV25W,60 Gallons,60.25'',22'',11'',N/A,RV25W,$539.95,539.95,60,60.25,22,11,NA,0.11112140012964163,8.999166666666667,1325.5
60 Gallon RV Water Tank | RV18W,60 Gallons,60'',24'',13.5'',N/A,RV18W,$539.95,539.95,60,60,24,13.5,NA,0.11112140012964163,8.999166666666667,1440
60 Gallon RV Water Tank | RV15W,60 Gallons,58'',27'',13'',N/A,RV15W,$539.95,539.95,60,58,27,13,NA,0.11112140012964163,8.999166666666667,1566
60 Gallon RV Water Tank | RV4W,60 Gallons,70'',23'',12.75'',N/A,RV4W,$461.95,461.95,60,70,23,12.75,NA,0.12988418660028142,7.699166666666667,1610
64 Gallon RV Water Tank | RV62W,64 Gallons,Request Drawing,Odd Shape,Call 800 211-7998,N/A,RV62W,$606.95,606.95,64,NA,NA,NA,NA,0.10544525908229672,9.48359375,NA
65 Gallon RV Water Tank | RVWB324,65 Gallons,37'',30'',15'',N/A,RVWB324,$550.95,550.95,65,37,30,15,NA,0.11797803793447681,8.476153846153847,1110
65 Gallon RV Water Tank | RVWB297,65 Gallons,28'',25'',24'',N/A,RVWB297,$550.95,550.95,65,28,25,24,NA,0.11797803793447681,8.476153846153847,700
65 Gallon RV Water Tank | RVWB283,65 Gallons,39.125'',30.875'',13.5'',N/A,RVWB283,$527.95,527.95,65,39.125,30.875,13.5,NA,0.12311771948101145,8.122307692307693,1207.984375
65 Gallon RV Water Tank | RVWB248,65 Gallons,48'',20'',17'',N/A,RVWB248,$527.95,527.95,65,48,20,17,NA,0.12311771948101145,8.122307692307693,960
65 Gallon RV Water Tank | RV55W,65 Gallons,Request Drawing,Odd Shape,Call 800 211-7998,N/A,RV55W,$493.95,493.95,65,NA,NA,NA,NA,0.1315922664237271,7.599230769230769,NA
65 Gallon RV Water Tank | RV40W,65 Gallons,54'',26'',13.5'',N/A,RV40W,$539.95,539.95,65,54,26,13.5,NA,0.12038151680711176,8.306923076923077,1404
68 Gallon Water or Waste Holding Tank | TRI-WH-2068-1,68 Gallons,36'',23'',19'',N/A,TRI-WH-2068-1,$549.99,549.99,68,36,23,19,NA,0.1236386116111202,8.088088235294117,828
68 Gallon Water or Waste Holding Tank | TRI-WH-2068,68 Gallons,43'',23'',16'',N/A,TRI-WH-2068,$549.99,549.99,68,43,23,16,NA,0.1236386116111202,8.088088235294117,989
69 Gallon RV Water Tank | RVWB444,69 Gallons,38'',26'',18'',N/A,RVWB444,$561.95,561.95,69,38,26,18,NA,0.12278672479757985,8.144202898550725,988
69 Gallon RV Water Tank | RVWB434,69 Gallons,26'',26'',26'',N/A,RVWB434,$561.95,561.95,69,26,26,26,NA,0.12278672479757985,8.144202898550725,676
70 Gallon Water or Waste Holding Tank | TRI-WH-2070-1,70 Gallons,51'',23'',15'',N/A,TRI-WH-2070-1,$549.99,549.99,70,51,23,15,NA,0.12727504136438844,7.857,1173
70 Gallon Water or Waste Holding Tank | TRI-WH-2070,70 Gallons,51'',20'',16'',N/A,TRI-WH-2070,$549.99,549.99,70,51,20,16,NA,0.12727504136438844,7.857,1020
70 Gallon RV Water Tank | RVWB401,70 Gallons,34'',30'',18'',N/A,RVWB401,$573.95,573.95,70,34,30,18,NA,0.12196184336614686,8.199285714285715,1020
70 Gallon RV Water Tank | RVWB296,70 Gallons,34'',23'',23'',N/A,RVWB296,$561.95,561.95,70,34,23,23,NA,0.12456624254826941,8.027857142857144,782
71 Gallon RV Water Tank | RVWB531,71 Gallons,63.25'',23.125'',12.5'',N/A,RVWB531,$517.95,517.95,71,63.25,23.125,12.5,NA,0.13707886861666183,7.295070422535212,1462.65625
75 Gallon Water or Waste Holding Tank | TRI-WH-2075-8,75 Gallons,54'',20.5'',17.25'',N/A,TRI-WH-2075-8,$549.99,549.99,75,54,20.5,17.25,NA,0.13636611574755905,7.3332,1107
75 Gallon Water or Waste Holding Tank | TRI-WH-2075-1,75 Gallons,66'',22'',12.5'',N/A,TRI-WH-2075-1,$549.99,549.99,75,66,22,12.5,NA,0.13636611574755905,7.3332,1452
75 Gallon Water or Waste Holding Tank | TRI-WH-2075,75 Gallons,73'',28'',10'',N/A,TRI-WH-2075,$549.99,549.99,75,73,28,10,NA,0.13636611574755905,7.3332,2044
75 Gallon RV Water Tank | RV61W,75 Gallons,54'',22'',16'',N/A,RV61W,$437.95,437.95,75,54,22,16,NA,0.17125242607603608,5.839333333333333,1188
75 Gallon RV Water Tank | RV65W,76 Gallons,51'',27'',13.5'',N/A,RV65W,$539.95,539.95,76,51,27,13.5,NA,0.14075377349754606,7.104605263157896,1377
79 Gallon Water or Waste Holding Tank | TRI-WH-2079,79 Gallons,65.5'',22.5'',13.625'',N/A,TRI-WH-2079,$589.99,589.99,79,65.5,22.5,13.625,NA,0.13390057458600993,7.468227848101266,1473.75
80 Gallon RV Water Tank | RVWB299,80 Gallons,76'',28'',10'',N/A,RVWB299,$606.95,606.95,80,76,28,10,NA,0.1318065738528709,7.586875000000001,2128
80 Gallon RV Water Tank | RVWB260,80 Gallons,45.625'',22'',20.5'',N/A,RVWB260,$606.95,606.95,80,45.625,22,20.5,NA,0.1318065738528709,7.586875000000001,1003.75
80 Gallon RV Water Tank | RVWB230,80 Gallons,68.5'',27'',11'',N/A,RVWB230,$606.95,606.95,80,68.5,27,11,NA,0.1318065738528709,7.586875000000001,1849.5
83 Gallon RV Water Tank | RV70W,83 Gallons,Request Drawing,Odd Shape,Call 800 211-7998,N/A,RV70W,$539.95,539.95,83,NA,NA,NA,NA,0.15371793684600424,6.505421686746988,NA
90 Gallon Water or Waste Holding Tank | TRI-WH-2090,90 Gallons,67'',21'',15'',N/A,TRI-WH-2090,$599.99,599.99,90,67,21,15,NA,0.15000250004166735,6.666555555555556,1407
90 Gallon RV Water Tank | RVWB314,90 Gallons,34'',32'',21'',N/A,RVWB314,$629.95,629.95,90,34,32,21,NA,0.14286848162552582,6.999444444444445,1088
90 Gallon RV Water Tank | RV64W,90 Gallons,39.25'',39.25'',14.5'',N/A,RV64W,$461.95,461.95,90,39.25,39.25,14.5,NA,0.19482627990042212,5.132777777777777,1540.5625
92 Gallon RV Water Tank | RVWB483,92 Gallons,53'',31'',14.25'',N/A,RVWB483,$629.95,629.95,92,53,31,14.25,NA,0.14604333677275974,6.847282608695653,1643
92 Gallon RV Water Tank | RVWB387,92 Gallons,72'',33'',10'',N/A,RVWB387,$629.95,629.95,92,72,33,10,NA,0.14604333677275974,6.847282608695653,2376
95 Gallon Water or Waste Holding Tank | TRI-WH-2095,95 Gallons,68.5'',22.5'',14.25'',N/A,TRI-WH-2095,$599.99,599.99,95,68.5,22.5,14.25,NA,0.15833597226620444,6.315684210526316,1541.25
95 Gallon RV Water Tank | RVWB354,95 Gallons,47'',33'',16'',N/A,RVWB354,$651.95,651.95,95,47,33,16,NA,0.1457166960656492,6.862631578947369,1551
95 Gallon RV Water Tank | RVWB259,95 Gallons,71.5'',26'',13'',N/A,RVWB259,$651.95,651.95,95,71.5,26,13,NA,0.1457166960656492,6.862631578947369,1859
95 Gallon RV Water Tank | RV66W,95 Gallons,67'',22'',16'',N/A,RV66W,$415.95,415.95,95,67,22,16,NA,0.22839283567736507,4.3784210526315785,1474
97 Gallon RV Water Tank | RVWB487,97 Gallons,63'',40'',10'',N/A,RVWB487,$651.95,651.95,97,63,40,10,NA,0.14878441598282074,6.721134020618557,2520
98 Gallon RV Water Tank | RVWB477,98 Gallons,35'',27'',26'',N/A,RVWB477,$741.95,741.95,98,35,27,26,NA,0.1320843722622818,7.570918367346939,945
100 Gallon Water or Waste Holding Tank | TRI-WH-2100-4,100 Gallons,42'',24'',24'',N/A,TRI-WH-2100-4,$645.99,645.99,100,42,24,24,NA,0.1548011579126612,6.4599,1008
100 Gallon Water or Waste Holding Tank | TRI-WH-2100-3,100 Gallons,44'',32.5'',18'',N/A,TRI-WH-2100-3,$645.99,645.99,100,44,32.5,18,NA,0.1548011579126612,6.4599,1430
100 Gallon Water or Waste Holding Tank | TRI-WH-2100-2,100 Gallons,49'',34'',15.25'',N/A,TRI-WH-2100-2,$645.99,645.99,100,49,34,15.25,NA,0.1548011579126612,6.4599,1666
100 Gallon Water or Waste Holding Tank | TRI-WH-2100,100 Gallons,46'',26'',20'',N/A,TRI-WH-2100,$645.99,645.99,100,46,26,20,NA,0.1548011579126612,6.4599,1196
100 Gallon RV Water Tank | RVWB455,100 Gallons,44'',24'',24'',N/A,RVWB455,$651.95,651.95,100,44,24,24,NA,0.1533859958585781,6.519500000000001,1056
100 Gallon RV Water Tank | RV67W,100 Gallons,Request Drawing,Odd Shape,Call 800 211-7998,N/A,RV67W,$662.95,662.95,100,NA,NA,NA,NA,0.1508409382306358,6.6295,NA
105 Gallon RV Water Tank | RVWB427,105 Gallons,39'',26'',26'',N/A,RVWB427,$651.95,651.95,105,39,26,26,NA,0.161055295651507,6.209047619047619,1014
110 Gallon RV Water Tank | RVWB433,110 Gallons,48'',24.5'',24'',N/A,RVWB433,$685.95,685.95,110,48,24.5,24,NA,0.1603615423864713,6.235909090909091,1176
110 Gallon RV Water Tank | RVWB391,110 Gallons,95'',33'',9'',N/A,RVWB391,$662.95,662.95,110,95,33,9,NA,0.16592503205369935,6.026818181818182,3135
110 Gallon RV Water Tank | RVWB298,110 Gallons,76'',24'',15.5'',N/A,RVWB298,$662.95,662.95,110,76,24,15.5,NA,0.16592503205369935,6.026818181818182,1824
115 Gallon RV Water Tank | RVWB466,115 Gallons,54'',27'',20'',N/A,RVWB466,$708.95,708.95,115,54,27,20,NA,0.1622117215600536,6.164782608695653,1458
115 Gallon RV Water Tank | RVWB328,115 Gallons,39.5'',28'',26'',N/A,RVWB328,$708.95,708.95,115,39.5,28,26,NA,0.1622117215600536,6.164782608695653,1106
120 Gallon Water or Waste Holding Tank | TRI-WH-2120-1,120 Gallons,61'',28'',16'',N/A,TRI-WH-2120-1,$729.99,729.99,120,61,28,16,NA,0.16438581350429457,6.0832500000000005,1708
125 Gallon RV Water Tank | RVWB247,125 Gallons,43.125'',29.875'',24'',N/A,RVWB247,$820.95,820.95,125,43.125,29.875,24,NA,0.15226262257141115,6.5676000000000005,1288.359375
130 Gallon Water or Waste Holding Tank | TRI-WH-2130,130 Gallons,48'',36'',18'',N/A,TRI-WH-2130,$829.99,829.99,130,48,36,18,NA,0.15662839311317003,6.384538461538462,1728
130 Gallon RV Water Tank | RVWB356,130 Gallons,60'',30'',18'',N/A,RVWB356,$820.95,820.95,130,60,30,18,NA,0.1583531274742676,6.315,1800
135 Gallon RV Water Tank | RVWB407,135 Gallons,75.5'',33.25'',14'',N/A,RVWB407,$831.95,831.95,135,75.5,33.25,14,NA,0.1622693671494681,6.162592592592593,2510.375
135 Gallon RV Water Tank | RVWB300,135 Gallons,76'',28'',16'',N/A,RVWB300,$831.95,831.95,135,76,28,16,NA,0.1622693671494681,6.162592592592593,2128
141 Gallon RV Water Tank | RVWB484,141 Gallons,53'',35'',19'',N/A,RVWB484,$864.95,864.95,141,53,35,19,NA,0.16301520319093588,6.134397163120568,1855
150 Gallon Water or Waste Holding Tank | TRI-WH-2150,150 Gallons,64'',31.125'',18.75'',N/A,TRI-WH-2150,$859.99,859.99,150,64,31.125,18.75,NA,0.17442063279805578,5.733266666666666,1992
150 Gallon RV Water Tank | RVWB494,150 Gallons,40.25'',32.5'',28.5'',N/A,RVWB494,$876.95,876.95,150,40.25,32.5,28.5,NA,0.1710473801242944,5.846333333333334,1308.125
155 Gallon RV Water Tank | RVWB392,155 Gallons,67'',24'',24'',N/A,RVWB392,$876.95,876.95,155,67,24,24,NA,0.1767489594617709,5.657741935483871,1608
165 Gallon RV Water Tank | RVWB246,165 Gallons,43.625'',31.625'',30.125'',N/A,RVWB246,$887.95,887.95,165,43.625,31.625,30.125,NA,0.18582127372036714,5.381515151515152,1379.640625
190 Gallon RV Water Tank | RVWB506,190 Gallons,56'',30'',28'',N/A,RVWB506,$966.95,966.95,190,56,30,28,NA,0.19649413103056,5.08921052631579,1680
200 Gallon RV Water Tank | RVWB485,200 Gallons,42'',34.25'',34.25'',N/A,RVWB485,$999.95,999.95,200,42,34.25,34.25,NA,0.200010000500025,4.999750000000001,1438.5
210 Gallon RV Water Tank | RVWB302,210 Gallons,60'',36'',24'',N/A,RVWB302,$999.95,999.95,210,60,36,24,NA,0.21001050052502623,4.761666666666667,2160
